country_name,iso3c
PORTUGAL,PRT
CHINA,CHN
MOROCCO,MAR
CANADA,CAN
THAILAND,THA
LATVIA,LVA
VIETNAM,VNM
SPAIN,ESP
JAPAN,JPN
TAIWAN,TWN
PHILIPPINES,PHL
SWEDEN,SWE
SOUTH KOREA,KOR
CHINA - HONG KONG,HKG
INDONESIA,IDN
NETHERLANDS,NLD
BELGIUM,BEL
CROATIA,HRV
POLAND,POL
MACEDONIA,MKD
FRANCE,FRA
BURMA,MMR
SLOVENIA,SVN
MALAYSIA,MYS
ITALY,ITA
GREECE,GRC
SERBIA,SRB
ANGOLA,AGO
NORWAY,NOR
ICELAND,ISL
CHILE,CHL
ST.PIERRE & MIQUELON,SPM
UNITED KINGDOM,GBR
FAROE IS.,FRO
MEXICO,MEX
GUATEMALA,GTM
ARGENTINA,ARG
NICARAGUA,NIC
ECUADOR,ECU
INDIA,IND
COSTA RICA,CRI
SENEGAL,SEN
ALGERIA,DZA
EL SALVADOR,SLV
COLOMBIA,COL
BAHAMAS,BHS
PERU,PER
UNITED ARAB EMIRATES,ARE
GRENADA,GRD
BARBADOS,BRB
DOMINICAN REPUBLIC,DOM
SINT MAARTEN,SXM
DENMARK,DNK
RUSSIAN FEDERATION,RUS
NEW ZEALAND,NZL
IRELAND,IRL
TURKEY,TUR
GERMANY,DEU
ISRAEL,ISR
ARUBA,ABW
BRAZIL,BRA
URUGUAY,URY
SINGAPORE,SGP
SOUTH AFRICA,ZAF
AUSTRALIA,AUS
BERMUDA,BMU
CAYMAN IS.,CYM
BAHRAIN,BHR
BRITISH VIRGIN IS.,VGB
GREENLAND,GRL
SYRIA,SYR
UKRAINE,UKR
JAMAICA,JAM
ROMANIA,ROU
GEORGIA,GEO
UZBEKISTAN,UZB
LEBANON,LBN
BELARUS,BLR
BULGARIA,BGR
GHANA,GHA
ST.KITTS-NEVIS,KNA
ESTONIA,EST
MOLDOVA,MDA
PANAMA,PAN
SLOVAKIA,SVK
ALBANIA,ALB
EGYPT,EGY
CONGO (BRAZZAVILLE),COG
JORDAN,JOR
IVORY COAST,CIV
KOSOVO,XKX
LIBERIA,LBR
BOSNIA-HERCEGOVINA,BIH
LITHUANIA,LTU
AZERBAIJAN,AZE
TOGO,TGO
SURINAME,SUR
TRINIDAD & TOBAGO,TTO
SRI LANKA,LKA
FIJI,FJI
GUYANA,GUY
BANGLADESH,BGD
TANZANIA,TZA
ANTIGUA & BARBUDA,ATG
MONTSERRAT,MSR
SIERRA LEONE,SLE
GUINEA,GIN
NIGERIA,NGA
CAPE VERDE,CPV
VENEZUELA,VEN
NAMIBIA,NAM
REUNION,REU
BENIN,BEN
MONTENEGRO,MNE
ANGUILLA,AIA
GAMBIA,GMB
UGANDA,UGA
KAZAKHSTAN,KAZ
SAUDI ARABIA,SAU
HAITI,HTI
SWITZERLAND,CHE
BELIZE,BLZ
ARMENIA,ARM
CZECH REPUBLIC,CZE
ST.LUCIA,LCA
HONDURAS,HND
FRENCH POLYNESIA,PYF
CURACAO,CUW
MALTA,MLT
CYPRUS,CYP
WESTERN SAMOA,WSM
FINLAND,FIN
CAMBODIA,KHM
OMAN,OMN
MAURITIUS,MUS
PALAU,PLW
AFGHANISTAN,AFG
BRUNEI,BRN
QATAR,QAT
ST.VINCENT-GRENADINE,VCT
MARSHALL IS.,MHL
FED STATES OF MICRON,FSM
SEYCHELLES,SYC
TURKS & CAICOS IS.,TCA
MOZAMBIQUE,MOZ
MALDIVE IS.,MDV
TONGA,TON
KENYA,KEN
CHINA - MACAO,MAC
AUSTRIA,AUT
KIRIBATI,KIR
PAKISTAN,PAK
KUWAIT,KWT
NETHERLANDS ANTILLES,
TUNISIA,TUN
MONGOLIA,MNG
MADAGASCAR,MDG
GUADELOUPE,GLP
CAMEROON,CMR
CUBA,CUB
MALI,MLI
EQUATORIAL GUINEA,GNQ
NEW CALEDONIA,NCL
IRAN,IRN
MAURITANIA,MRT
IRAQ,IRQ
FRENCH SOUTHERN TER.,ATF
DOMINICA,DMA
BOLIVIA,BOL
GABON,GAB
ETHIOPIA,ETH
FALKLAND IS.,FLK
PARAGUAY,PRY
ZIMBABWE,ZWE
SOLOMON IS.,SLB
DJIBOUTI,DJI
CHAD,TCD
MARTINIQUE,MTQ
MONACO,MCO
CENTRAL AFRICAN REP.,CAF
ST.HELENA,SHN
LIBYA,LBY
CONGO (KINSHASA),COD
YEMEN,YEM
TUVALU,TUV
VANUATU,VUT
SAN MARINO,SMR
HUNGARY,HUN
TOKELAU IS.,TKL
FRENCH GUIANA,GUF
NAURU,NRU
WALLIS & FUTUNA,WLF
LESOTHO,LSO
NEPAL,NPL
KYRGYZSTAN,KGZ
ANDORRA,AND
TURKMENISTAN,TKM
VATICAN CITY,VAT
LAOS,LAO
RWANDA,RWA
COOK IS.,COK
PAPUA NEW GUINEA,PNG
COMOROS,COM
LUXEMBOURG,LUX
COCOS IS.,CCK
SWAZILAND,SWZ
MALAWI,MWI
NIUE,NIU
GIBRALTAR,GIB
SVALBARD-JAN MAYEN,SJM
BURKINA FASO,BFA
ZAMBIA,ZMB
BR.INDIAN OCEAN TER.,IOT
SOMALIA,SOM
TAJIKISTAN,TJK
NIGER,NER
BURUNDI,BDI
GUINEA-BISSAU,GNB
EAST TIMOR,TLS
WEST BANK,PSE
NORFOLK IS.,NFK
CHRISTMAS IS.,CXR
SOUTHERN PACIFIC IS.,
NETH.ANTILLES-ARUBA,ABW
FRENCH WEST INDIES,
OTHER PACIFIC IS.,
LEEWARD-WINDWARD IS.,
FRENCH PACIFIC IS.,
USSR,RUS
SERBIA-MONTENEGRO,
"JAMAICA,TURKS,CAICOS",
TRUST TER OF PAC IS.,
SOUTHERN ASIA,
WESTERN AFRICA,
CZECHOSLOVAKIA,
GERMANY (EAST),DEU
PITCAIRN IS.,PCN
FR.INDIAN OCEAN AREA,
YEMEN (ADEN),YEM
SUDAN,SDN
IRAQ-SAUDI ARABIA NZ,
GAZA STRIP,PSE
HEARD & MCDONALD IS.,HMD
SAO TOME & PRINCIPE,STP
BOTSWANA,BWA
SERBIA & KOSOVO,SRB
WESTERN SAHARA,ESH
ERITREA,ERI
LIECHTENSTEIN,LIE
