year,species_group,analysis_tier,domestic_pounds,domestic_kg,domestic_metric_tons,domestic_value_usd
2009,catfish_other,extended,7854586,3562780.27910882,3562,4251497
2009,clams,core,91899320,41684830.3601884,41685,183564916
2009,cod,core,511418545,231975549.888502,231979,124022421
2009,crab,core,355654072,161321973.418631,161319,507825266
2009,eel_sturgeon_shad,extended,4022040,1824366.6558348,1822,6638634
2009,flatfish,core,566364261,256898507.430289,256903,131510392
2009,halibut,core,67469550,30603673.0873335,30604,139973376
2009,herring,core,316738580,143670203.172635,143671,51663980
2009,inland_freshwater_other,extended,8890257,4032552.74253909,4033,5664993
2009,large_pelagics_other,extended,4405312,1998215.91066944,1999,8286956
2009,lobster,core,104922916,47592234.1357509,47593,329241272
2009,mackerel,core,231890063,105183563.255619,105186,56524116
2009,misc_marine_fish_other,extended,54923877,24913051.5380185,24914,34242377
2009,mussels,core,4520058,2050263.82075746,2050,7192393
2009,other_groundfish,core,386207852,175180934.901289,175176,89337586
2009,other_shellfish_specialty,extended,2829004,1283214.62909948,1282,7536724
2009,oysters,core,32656829,14812888.4627947,14812,124355383
2009,pollock,core,1885755462,855364289.249025,855373,264323460
2009,reef_fish_other,extended,30211338,13703632.4042911,13703,44999456
2009,sablefish,core,44979277,20402256.8553165,20402,122024951
2009,salmon,core,706024671,320247403.79736,320251,413651228
2009,scallops,core,58154694,26378525.4780848,26378,377628987
2009,sea_cucumber_urchin_other_inverts,extended,15437470,7002318.6041039,7002,14437478
2009,sharks_rays_skates,extended,80513460,36520291.1383002,36517,16008397
2009,shrimp,core,306743966,139136722.521139,139138,376511595
2009,small_pelagics_other,extended,1732617052,785901874.919093,785912,114197421
2009,snapper_grouper,core,18462570,8374480.8825909,8371,49615029
2009,squid_octopus,core,243259628,110340711.189838,110341,81113365
2009,swordfish,core,8937858,4054144.19294346,4054,19526708
2009,tilapia,core,125703,57017.92168611,57,70701
2009,trout,core,1818955,825064.10937335,823,1819804
2009,tuna,core,48502011,22000142.1192561,21999,95072484
2010,catfish_other,extended,8178342,3709633.53045054,3710,4005982
2010,clams,core,83025989,37659955.1221039,37661,174641636
2010,cod,core,557363443,252815805.06173,252817,174460952
2010,crab,core,363945390,165082852.000674,165087,594501595
2010,eel_sturgeon_shad,extended,2468976,1119908.67531312,1121,2402982
2010,flatfish,core,616108682,279462197.245956,279464,142499832
2010,halibut,core,64091331,29071338.7247445,29072,205226951
2010,herring,core,258662776,117327461.596619,117329,44993955
2010,inland_freshwater_other,extended,7112038,3225966.17195006,3227,5246606
2010,large_pelagics_other,extended,3626823,1645099.24014051,1645,7582809
2010,lobster,core,124076435,56280124.2128009,56278,451020552
2010,mackerel,core,185074288,83948284.9199826,83948,51141339
2010,misc_marine_fish_other,extended,49707883,22547116.4576527,22540,31355677
2010,mussels,core,6216025,2819541.51172925,2818,7071511
2010,other_groundfish,core,492601818,223440426.092929,223433,119904462
2010,other_shellfish_specialty,extended,4586829,2080550.63689473,2081,8250817
2010,oysters,core,29078643,13189850.5947539,13190,120507610
2010,pollock,core,1958948263,888563985.321553,888572,289551036
2010,reef_fish_other,extended,32142468,14579578.2377692,14581,49625007
2010,sablefish,core,42211098,19146631.9821223,19147,133521543
2010,salmon,core,789216437,357982554.101786,357987,571965173
2010,scallops,core,57809505,26221950.3814769,26220,458721227
2010,sea_cucumber_urchin_other_inverts,extended,16953102,7689797.71503174,7689,19966631
2010,sharks_rays_skates,extended,81764232,37087631.7741098,37086,18709825
2010,shrimp,core,249206737,113038274.455797,113042,381208351
2010,small_pelagics_other,extended,1625188427,737173070.299502,737181,120374081
2010,snapper_grouper,core,14729801,6681325.34521837,6676,42664842
2010,squid_octopus,core,339363792,153932826.705467,153933,98574911
2010,swordfish,core,7787970,3532563.7697889,3533,21930195
2010,tilapia,core,254692,115526.34790004,116,128213
2010,trout,core,1748958,793314.00425046,791,1695426
2010,tuna,core,47259346,21436478.75679,21436,107100610
2011,catfish_other,extended,9309793,4222851.07107941,4223,4613579
2011,clams,core,76972172,34913989.9215276,34915,204995151
2011,cod,core,682146120,309416275.257104,309420,196745927
2011,crab,core,371366271,168448907.000952,168448,692311063
2011,eel_sturgeon_shad,extended,4924783,2233843.99270571,2234,10769046
2011,flatfish,core,700006870,317517775.179582,317519,177590917
2011,halibut,core,49930534,22648109.2524256,22648,211795536
2011,herring,core,278759723,126443283.416114,126444,37811877
2011,inland_freshwater_other,extended,10074420,4569680.0441754,4570,7742266
2011,large_pelagics_other,extended,3857942,1749933.05510254,1749,9670043
2011,lobster,core,132894409,60279889.9380593,60280,474705509
2011,mackerel,core,128805491,58425187.9317037,58424,46853422
2011,misc_marine_fish_other,extended,52528697,23826616.1652419,23822,38233278
2011,mussels,core,4557225,2067122.48837325,2067,6921729
2011,other_groundfish,core,692522300,314122831.334851,314122,168420680
2011,other_shellfish_specialty,extended,3057333,1386782.92134921,1386,11200856
2011,oysters,core,32608658,14791038.4647395,14790,141900889
2011,pollock,core,2826634515,1282139848.78265,1282152,414212976
2011,reef_fish_other,extended,36211657,16425331.3202571,16423,54377397
2011,sablefish,core,43011260,19509579.3600862,19509,184561218
2011,salmon,core,780728980,354132708.365883,354137,665621493
2011,scallops,core,59433006,26958358.0477642,26959,588275139
2011,sea_cucumber_urchin_other_inverts,extended,17800085,8073982.74135145,8073,28220613
2011,sharks_rays_skates,extended,86481379,39227293.6614782,39225,23002819
2011,shrimp,core,319318887,144840610.740092,144841,526910317
2011,small_pelagics_other,extended,1966902354,892171900.309439,892177,152508553
2011,snapper_grouper,core,18347970,8322499.1969889,8319,54382124
2011,squid_octopus,core,331143393,150204116.440711,150207,110742360
2011,swordfish,core,8692819,3942996.37219103,3943,26291852
2011,tilapia,core,87979,39906.60312023,40,58867
2011,trout,core,1703698,772784.41358426,773,1842726
2011,tuna,core,49835818,22605146.7975087,22606,135972514
2012,catfish_other,extended,12052060,5466722.4587822,5466,5765193
2012,clams,core,77915414,35341837.2957912,35343,199561428
2012,cod,core,728813152,330584084.90285,330586,194192164
2012,crab,core,373479017,169407232.4663,169405,718979455
2012,eel_sturgeon_shad,extended,6841844,3103408.23513028,3100,42117077
2012,flatfish,core,692472428,314100209.776174,314101,195026932
2012,halibut,core,43490448,19726935.3806818,19728,152503323
2012,herring,core,275439047,124937050.119271,124939,52792074
2012,inland_freshwater_other,extended,10127751,4593870.57885987,4594,8658118
2012,large_pelagics_other,extended,6006696,2724591.47450952,2726,14991485
2012,lobster,core,155675487,70613213.0992342,70615,469451605
2012,mackerel,core,138758431,62939765.5747715,62937,51496091
2012,misc_marine_fish_other,extended,46472524,21079582.3010419,21075,37006163
2012,mussels,core,3550923,1610671.57925751,1611,9452926
2012,other_groundfish,core,546120474,247716080.107183,247718,158559077
2012,other_shellfish_specialty,extended,4319610,1959342.1373757,1961,12874128
2012,oysters,core,35227374,15978868.0615364,15979,164967850
2012,pollock,core,2887048235,1309543051.21797,1309557,466354820
2012,reef_fish_other,extended,36935646,16753727.206621,16748,59173528
2012,sablefish,core,43122139,19559873.2284794,19560,148494403
2012,salmon,core,636828784,288860677.418778,288865,580713223
2012,scallops,core,57411673,26041496.821735,26041,564925426
2012,sea_cucumber_urchin_other_inverts,extended,17743960,8048524.8695852,8048,28973263
2012,sharks_rays_skates,extended,90749038,41163071.2216401,41168,25390875
2012,shrimp,core,313159741,142046869.108776,142046,504667346
2012,small_pelagics_other,extended,2000919653,907601887.583848,907609,149722291
2012,snapper_grouper,core,19450873,8822767.58263901,8815,60172086
2012,squid_octopus,core,259116669,117533343.998216,117533,100527853
2012,swordfish,core,9025927,4094091.61937699,4095,27298555
2012,tilapia,core,202890,92029.3559493,92,122156
2012,trout,core,2017990,915344.8667363,917,2366297
2012,tuna,core,59645947,27054946.4606244,27050,163951001
2013,catfish_other,extended,8676225,3935469.46040325,3936,4350346
2013,clams,core,76398037,34653566.6661777,34653,215030070
2013,cod,core,687218170,311716918.437363,311721,167056350
2013,crab,core,335718509,152279354.150176,152280,712181445
2013,eel_sturgeon_shad,extended,5034774,2283735.07107438,2281,36302594
2013,flatfish,core,714392460,324042969.04153,324052,196972319
2013,halibut,core,32596991,14785746.4025587,14785,116789091
2013,herring,core,300063083,136106324.967477,136105,50736711
2013,inland_freshwater_other,extended,7143743,3240347.31804091,3239,5030769
2013,large_pelagics_other,extended,4024058,1825282.00523746,1823,9674714
2013,lobster,core,157505019,71443074.855105,71443,525431523
2013,mackerel,core,94859620,43027599.8530994,43029,34974854
2013,misc_marine_fish_other,extended,48398530,21953203.9272161,21953,43839200
2013,mussels,core,4077573,1849556.00091801,1849,12576012
2013,other_groundfish,core,709824723,321971078.390164,321972,163812952
2013,other_shellfish_specialty,extended,5808447,2634667.24074939,2635,13406116
2013,oysters,core,35520482,16111819.6139223,16113,194716761
2013,pollock,core,3014284369,1367256390.78866,1367270,417829452
2013,reef_fish_other,extended,40621325,18425523.0792903,18418,65323028
2013,sablefish,core,39348870,17848347.2001219,17848,101502262
2013,salmon,core,1070197294,485433326.953047,485439,756557513
2013,scallops,core,41451238,18801965.2838541,18801,471598403
2013,sea_cucumber_urchin_other_inverts,extended,20349135,9230212.37209995,9228,27845567
2013,sharks_rays_skates,extended,76698885,34790029.0235075,34787,19871850
2013,shrimp,core,291560483,132249610.482315,132250,583162014
2013,small_pelagics_other,extended,1495970395,678560756.917886,678569,141374252
2013,snapper_grouper,core,18893221,8569820.89032377,8565,64782683
2013,squid_octopus,core,261514693,118621069.387692,118617,102022807
2013,swordfish,core,7484169,3394761.95419053,3394,22708061
2013,tilapia,core,216663,98276.68366131,98,125740
2013,trout,core,2148619,974597.18443703,974,2799080
2013,tuna,core,55799792,25310359.898787,25308,146195369
2014,catfish_other,extended,10964388,4973362.73851956,4973,5586891
2014,clams,core,67881947,30790733.2199444,30792,203678265
2014,cod,core,722731606,327825542.039446,327830,163079491
2014,crab,core,306565776,139055896.896729,139057,702070375
2014,eel_sturgeon_shad,extended,5989083,2716602.35209671,2716,4850475
2014,flatfish,core,710110271,322100600.784232,322107,173017842
2014,halibut,core,25536917,11583350.7045233,11583,112456164
2014,herring,core,310866517,141006680.199675,141006,42643373
2014,inland_freshwater_other,extended,8799250,3991272.6617225,3991,6874106
2014,large_pelagics_other,extended,7053343,3199342.56779291,3199,14735724
2014,lobster,core,154552121,70103662.8529168,70104,643784020
2014,mackerel,core,113776309,51608065.6491623,51607,44988758
2014,misc_marine_fish_other,extended,54413460,24681530.2813002,24681,45185541
2014,mussels,core,4710703,2136738.93813611,2137,10440865
2014,other_groundfish,core,792894747,359651007.45228,359649,161655538
2014,other_shellfish_specialty,extended,3336562,1513439.06523194,1518,11332254
2014,oysters,core,34189757,15508212.9073541,15507,229390207
2014,pollock,core,3155627844,1431368712.59795,1431384,410659515
2014,reef_fish_other,extended,39134522,17751120.5827971,17743,65941808
2014,sablefish,core,35468691,16088327.6114877,16089,110978420
2014,salmon,core,720541552,326832150.255158,326837,616766052
2014,scallops,core,34305758,15560830.0758665,15560,432297434
2014,sea_cucumber_urchin_other_inverts,extended,17636896,7999961.45608352,8001,24353042
2014,sharks_rays_skates,extended,84962749,38538454.6806251,38529,20773318
2014,shrimp,core,327087019,148364176.144445,148368,692325610
2014,small_pelagics_other,extended,1308382503,593472320.402302,593477,138006965
2014,snapper_grouper,core,20928022,9492791.09839214,9490,74788081
2014,squid_octopus,core,269983528,122462468.326481,122462,103704372
2014,swordfish,core,6300331,2857782.07007447,2858,18625535
2014,tilapia,core,217155,98499.85110735,99,146352
2014,trout,core,2053249,931338.08011013,931,2605441
2014,tuna,core,58444529,26509992.4226437,26508,134155088
2015,catfish_other,extended,10510243,4767366.03164591,4766,4956371
2015,clams,core,67748481,30730194.06069,30729,201043386
2015,cod,core,702482237,318640582.763732,318644,181777870
2015,crab,core,301102043,136577589.296212,136578,657152200
2015,eel_sturgeon_shad,extended,5741919,2604490.64755803,2602,3969793
2015,flatfish,core,553898169,251243983.215371,251244,140790326
2015,halibut,core,28453634,12906351.2811726,12905,117745627
2015,herring,core,249240034,113053377.720941,113053,33840972
2015,inland_freshwater_other,extended,7359680,3338294.6936416,3340,5743987
2015,large_pelagics_other,extended,6530747,2962297.00960039,2961,14493570
2015,lobster,core,153741941,69736171.3865902,69736,685756949
2015,mackerel,core,155969153,70746417.7561626,70749,50884137
2015,misc_marine_fish_other,extended,42164954,19125701.415801,19123,34692345
2015,mussels,core,5581131,2531558.43757047,2531,13320698
2015,other_groundfish,core,562733269,255251517.163558,255249,127390619
2015,other_shellfish_specialty,extended,2934968,1331279.09099416,1331,12361733
2015,oysters,core,35842094,16257700.3632228,16259,279401706
2015,pollock,core,3269285178,1482922812.09489,1482937,516078516
2015,reef_fish_other,extended,36800637,16692488.1543397,16685,61924383
2015,sablefish,core,35272449,15999313.7376141,15998,115152245
2015,salmon,core,1066879694,483928488.906335,483935,502302630
2015,scallops,core,35906736,16287021.4812043,16286,444155473
2015,sea_cucumber_urchin_other_inverts,extended,12098735,5487893.88265195,5491,19465127
2015,sharks_rays_skates,extended,77897199,35333575.1107716,35331,16212701
2015,shrimp,core,333459248,151254570.598738,151257,487134980
2015,small_pelagics_other,extended,1678882210,761528160.584738,761535,183418831
2015,snapper_grouper,core,20263763,9191488.28428831,9191,74820122
2015,squid_octopus,core,117096715,53114176.4760646,53115,58050974
2015,swordfish,core,6177718,2802165.74881166,2803,16815604
2015,tilapia,core,148421,67322.63314777,67,99361
2015,trout,core,1790411,812116.76876407,813,2402830
2015,tuna,core,57792010,26214014.7829637,26213,139977295
2016,catfish_other,extended,11065882,5019399.64252034,5019,5207930
2016,clams,core,56365351,25566893.1459719,25567,225621597
2016,cod,core,711884846,322905534.464225,322909,177571643
2016,crab,core,323647238,146803917.728374,146804,709502506
2016,eel_sturgeon_shad,extended,4847109,2198611.65895833,2195,17352501
2016,flatfish,core,562040179,254937136.827834,254940,140199462
2016,halibut,core,29205411,13247351.5923141,13247,125340433
2016,herring,core,196463023,89114128.2199345,89116,36438913
2016,inland_freshwater_other,extended,8863899,4020596.95485063,4021,7714748
2016,large_pelagics_other,extended,5618414,2548469.72190118,2548,14859937
2016,lobster,core,165514026,75075899.3215816,75075,728362719
2016,mackerel,core,149527461,67824515.4150726,67824,52221958
2016,misc_marine_fish_other,extended,40120534,18198368.1027256,18198,33440994
2016,mussels,core,4444229,2015868.36493273,2016,13994993
2016,other_groundfish,core,798935815,362391189.803732,362383,148206964
2016,other_shellfish_specialty,extended,2244543,1018107.57893691,1019,10846586
2016,oysters,core,31678533,14369140.8615932,14369,231915023
2016,pollock,core,3360787220,1524427440.18551,1524442,423492761
2016,reef_fish_other,extended,34605056,15696589.3650227,15685,63960882
2016,sablefish,core,33784048,15324186.4005138,15324,117296710
2016,salmon,core,561654153,254762038.379613,254765,420869669
2016,scallops,core,40804541,18508628.4589522,18511,490106764
2016,sea_cucumber_urchin_other_inverts,extended,11653688,5286023.95916056,5288,24912291
2016,sharks_rays_skates,extended,83384255,37822461.8461344,37818,20595811
2016,shrimp,core,290922663,131960300.196881,131957,508155116
2016,small_pelagics_other,extended,1758473389,797630112.098442,797637,181058653
2016,snapper_grouper,core,20163020,9145792.0281574,9140,75022372
2016,squid_octopus,core,141695784,64272126.4835681,64275,98134547
2016,swordfish,core,5762161,2613672.26431157,2613,17167763
2016,tilapia,core,166278,75422.43209886,75,95702
2016,trout,core,1911817,867185.60403629,864,2721267
2016,tuna,core,55891645,25352023.7187487,25355,157051190
2017,catfish_other,extended,12019235,5451833.28923695,5449,5678036
2017,clams,core,50232715,22785176.2483846,22788,213368362
2017,cod,core,659813667,299286444.972921,299289,198853583
2017,crab,core,277941776,126072268.897849,126068,635026659
2017,eel_sturgeon_shad,extended,4503944,2042954.63330728,2042,15873268
2017,flatfish,core,543373158,246469918.531604,246475,158468199
2017,halibut,core,31797378,14423048.0468059,14423,125122618
2017,herring,core,182569858,82812294.5807835,82812,37208391
2017,inland_freshwater_other,extended,6851442,3107761.81469754,3107,6843997
2017,large_pelagics_other,extended,4958917,2249326.91466329,2246,12551529
2017,lobster,core,141660139,64255958.1835394,64258,615067743
2017,mackerel,core,175259180,79496226.8204566,79493,73520234
2017,misc_marine_fish_other,extended,40693024,18458045.1986269,18456,35201070
2017,mussels,core,3642415,1652171.65237355,1653,11530943
2017,other_groundfish,core,1016393861,461028500.264441,461026,165099539
2017,other_shellfish_specialty,extended,2000332,907335.33266684,907,9928658
2017,oysters,core,34991370,15871818.4478469,15871,290674764
2017,pollock,core,3395822090,1540318989.90145,1540335,463233871
2017,reef_fish_other,extended,35726307,16205180.2634776,16209,68662285
2017,sablefish,core,38019238,17245236.2700141,17245,147233530
2017,salmon,core,1008746901,457559897.554745,457564,787999517
2017,scallops,core,52127880,23644808.6322756,23644,516110580
2017,sea_cucumber_urchin_other_inverts,extended,9632407,4369186.31993459,4370,25403503
2017,sharks_rays_skates,extended,80828534,36663206.3006856,36663,17399340
2017,shrimp,core,299350714,135783199.824452,135785,544345085
2017,small_pelagics_other,extended,1430527235,648876238.873197,648881,116149996
2017,snapper_grouper,core,19216453,8716436.45926361,8715,73029200
2017,squid_octopus,core,206946029,93869139.7561987,93867,116489248
2017,swordfish,core,6427298,2915373.33251626,2915,17849124
2017,tilapia,core,138275,62720.48496175,62,90119
2017,trout,core,1722122,781141.39940914,782,2536361
2017,tuna,core,54899989,24902216.1234839,24900,153461960
2018,catfish_other,extended,11586702,5255639.62066374,5252,6107590
2018,clams,core,50271494,22802766.1069008,22802,211831465
2018,cod,core,515135389,233661481.967382,233663,189082720
2018,crab,core,275840565,125119175.620489,125121,675220053
2018,eel_sturgeon_shad,extended,7372123,3343938.74350151,3339,24627282
2018,flatfish,core,521832484,236699233.160547,236702,160709662
2018,halibut,core,27236169,12354118.4464305,12353,96915482
2018,herring,core,147756884,67021395.1973751,67021,33011393
2018,inland_freshwater_other,extended,6347222,2879051.46989614,2882,4811138
2018,large_pelagics_other,extended,5592691,2536801.96536767,2536,12065076
2018,lobster,core,154852761,70240030.8630336,70238,691961797
2018,mackerel,core,192895958,87496134.7526405,87495,78236061
2018,misc_marine_fish_other,extended,31625397,14345038.7774209,14343,28779460
2018,mussels,core,3151817,1429640.14283629,1430,10796165
2018,other_groundfish,core,851813634,386376165.044373,386377,152177001
2018,other_shellfish_specialty,extended,2618162,1187578.30662394,1187,11620325
2018,oysters,core,31797128,14422934.6487134,14422,271718453
2018,pollock,core,3370714342,1528930306.98077,1528944,288316454
2018,reef_fish_other,extended,32324456,14662126.6060007,14651,63611575
2018,sablefish,core,38916230,17652104.9971651,17652,119751845
2018,salmon,core,576782965,261624352.069977,261626,705533599
2018,scallops,core,58454522,26514525.1711971,26513,541488518
2018,sea_cucumber_urchin_other_inverts,extended,9135174,4143645.22502238,4143,27084018
2018,sharks_rays_skates,extended,82688924,37507065.0099099,37510,17227059
2018,shrimp,core,307578844,139515416.81182,139519,509778507
2018,small_pelagics_other,extended,1624374155,736803722.733197,736812,163889582
2018,snapper_grouper,core,16964375,7694911.06181875,7686,68714782
2018,squid_octopus,core,161248876,73141259.8246761,73141,101462625
2018,swordfish,core,5218319,2366989.68262603,2368,14060619
2018,tilapia,core,109659,49740.48570183,50,71238
2018,trout,core,1456948,660860.49628676,662,1875619
2018,tuna,core,51807496,23499484.8944055,23501,148158144
2019,catfish_other,extended,11478799,5206695.64316363,5207,5769327
2019,clams,core,57833030,26232621.1419811,26233,215779052
2019,cod,core,466207179,211468019.233624,211471,123810623
2019,crab,core,284260241,128938276.411961,128935,650755037
2019,eel_sturgeon_shad,extended,5848910,2653020.9488167,2650,22858747
2019,flatfish,core,531740982,241193652.251507,241192,161347978
2019,halibut,core,30528128,13847325.9311834,13848,101200354
2019,herring,core,83775339,37999854.5645634,38000,32241152
2019,inland_freshwater_other,extended,4823217,2187774.43005429,2187,1885466
2019,large_pelagics_other,extended,5381780,2441134.3450186,2441,13172300
2019,lobster,core,132689427,60186911.666872,60188,682716867
2019,mackerel,core,159922691,72539712.4274677,72542,67047361
2019,misc_marine_fish_other,extended,33563262,15224039.5555109,15222,32480161
2019,mussels,core,2671219,1211644.55699903,1211,6954633
2019,other_groundfish,core,990147661,449123424.202947,449119,178540862
2019,other_shellfish_specialty,extended,2003830,908921.9987771,909,10611015
2019,oysters,core,31492867,14284924.1806248,14287,264052053
2019,pollock,core,3359623430,1523899553.92123,1523914,393456866
2019,reef_fish_other,extended,31555350,14313265.9926795,14308,61999063
2019,sablefish,core,40999723,18597161.5249135,18597,88933828
2019,salmon,core,838741741,380446854.118116,380452,707172352
2019,scallops,core,61035871,27685405.3819043,27686,574576379
2019,sea_cucumber_urchin_other_inverts,extended,8242131,3738567.73414047,3737,26885786
2019,sharks_rays_skates,extended,74897811,33973075.5993021,33969,15411292
2019,shrimp,core,276361776,125355592.953249,125357,489383484
2019,small_pelagics_other,extended,1538786633,697981875.78679,697989,152251364
2019,snapper_grouper,core,17856437,8099543.57858569,8090,74574551
2019,squid_octopus,core,119137369,54039801.5602745,54039,87155523
2019,swordfish,core,5285749,2397575.41613513,2398,15232997
2019,tilapia,core,102707,46587.11154559,47,91443
2019,trout,core,746980,338824.4285426,339,1512839
2019,tuna,core,49464482,22436711.6212023,22437,142153223
2020,catfish_other,extended,9890176,4486108.37155712,4487,4962424
2020,clams,core,34735650,15755825.8069905,15754,175101108
2020,cod,core,382146505,173338738.890167,173341,164567781
2020,crab,core,250080429,113434574.480727,113432,667743246
2020,eel_sturgeon_shad,extended,4979764,2258782.95480068,2258,6883700
2020,flatfish,core,537234052,243685266.891383,243684,118315475
2020,halibut,core,26765780,12140753.5850986,12142,70344009
2020,herring,core,42480761,19268949.0613936,19269,12392320
2020,inland_freshwater_other,extended,4171399,1892114.75862563,1892,1170303
2020,large_pelagics_other,extended,1932526,876579.04842662,878,5060039
2020,lobster,core,125241632,56808648.6815478,56807,569265196
2020,mackerel,core,159261043,72239593.9430419,72240,51176202
2020,misc_marine_fish_other,extended,25892481,11744631.82197,11739,25815986
2020,mussels,core,2224383,1008963.15675771,1009,5111302
2020,other_groundfish,core,824635984,374048590.369842,374051,128625985
2020,other_shellfish_specialty,extended,1264750,573680.9499575,574,7104928
2020,oysters,core,21988114,9973640.74109018,9971,195465267
2020,pollock,core,3238254309,1468847446.68202,1468862,458724343
2020,reef_fish_other,extended,29521723,13390828.3020535,13387,51575960
2020,sablefish,core,41235353,18704041.4950566,18703,73623252
2020,salmon,core,500381909,226969416.008434,226972,410983712
2020,scallops,core,49073120,22259192.8040944,22259,488365712
2020,sea_cucumber_urchin_other_inverts,extended,6288282,2852316.73560834,2851,18006381
2020,sharks_rays_skates,extended,72237381,32766324.850383,32765,17703509
2020,shrimp,core,283389507,128543318.113262,128543,465149133
2020,small_pelagics_other,extended,1321750568,599535972.687966,599540,230346396
2020,snapper_grouper,core,16400637,7439203.80633969,7434,67746829
2020,squid_octopus,core,138214042,62692834.8780595,62694,82129230
2020,swordfish,core,4815947,2184476.81352439,2184,14869419
2020,tilapia,core,125604,56973.01604148,57,84001
2020,trout,core,912708,413997.38483796,415,1765683
2020,tuna,core,47886367,21720890.6982198,21721,116978411
2021,catfish_other,extended,12547100,5691268.825627,5692,6768000
2021,clams,core,63136224,28638109.4770109,28639,241931593
2021,cod,core,331888627,150542148.896976,150544,123579172
2021,crab,core,261514148,118620822.179851,118627,938186676
2021,eel_sturgeon_shad,extended,3968526,1800093.11374662,1796,20294638
2021,flatfish,core,409673383,185824720.720888,185827,107149631
2021,halibut,core,28475888,12916445.5257746,12917,122245551
2021,herring,core,88490737,40138723.1188767,40138,14014588
2021,inland_freshwater_other,extended,4313485,1956563.88410945,1955,1168673
2021,large_pelagics_other,extended,2880158,1306417.69319446,1306,10469175
2021,lobster,core,140573856,63763228.5030787,63763,985476370
2021,mackerel,core,163978407,74379354.2599546,74381,50211512
2021,misc_marine_fish_other,extended,25515776,11573761.3082291,11570,27729357
2021,mussels,core,2264058,1026959.43403746,1026,5455004
2021,other_groundfish,core,758211759,343919068.726679,343917,146808214
2021,other_shellfish_specialty,extended,1685142,764367.55356654,763,10930110
2021,oysters,core,31251035,14175231.030603,14175,233284250
2021,pollock,core,3234423615,1467109873.11182,1467125,493269324
2021,reef_fish_other,extended,29911131,13567460.7996705,13562,60706508
2021,sablefish,core,52267315,23708055.2843866,23708,113265025
2021,salmon,core,820092264,371987593.646426,371990,792063440
2021,scallops,core,43531934,19745753.1137436,19745,675239632
2021,sea_cucumber_urchin_other_inverts,extended,6569370,2979816.1077069,2980,26764082
2021,sharks_rays_skates,extended,53439239,24239631.0690064,24235,9176241
2021,shrimp,core,299456245,135831067.880851,135831,573112837
2021,small_pelagics_other,extended,1251978476,567887884.117828,567893,219984835
2021,snapper_grouper,core,17097377,7755239.75421349,7748,75142597
2021,squid_octopus,core,170266288,77231489.1050226,77231,117289552
2021,swordfish,core,4962373,2250894.52989401,2253,16988951
2021,tilapia,core,92777,42082.93931149,42,66736
2021,trout,core,909134,412376.24570758,413,2108013
2021,tuna,core,39071530,17722547.8922261,17723,153400918
2022,catfish_other,extended,14546991,6598404.12405867,6597,8605777
2022,clams,core,53263379,24159862.3148182,24158,216237166
2022,cod,core,404085174,183289951.756522,183290,185430357
2022,crab,core,189031545,85743266.5013117,85741,596966892
2022,eel_sturgeon_shad,extended,3230474,1465318.35788338,1463,21500275
2022,flatfish,core,524503895,237910964.807281,237910,145943313
2022,halibut,core,28195872,12789432.4046966,12791,139283742
2022,herring,core,107300735,48670794.691392,48669,19581393
2022,inland_freshwater_other,extended,5169603,2344892.47672911,2346,2061944
2022,large_pelagics_other,extended,1960924,889460.16454988,890,7876571
2022,lobster,core,127426416,57799650.0340459,57800,584270799
2022,mackerel,core,143232465,64969153.2602921,64971,51631789
2022,misc_marine_fish_other,extended,23506581,10662405.786387,10656,26207417
2022,mussels,core,2432283,1103265.01048071,1102,8802213
2022,other_groundfish,core,842111688,381975436.364621,381975,172848044
2022,other_shellfish_specialty,extended,1715104,777958.08815648,776,11849854
2022,oysters,core,25892323,11744560.1543755,11744,262466421
2022,pollock,core,2711261342,1229807457.80716,1229820,521638982
2022,reef_fish_other,extended,28912197,13114351.9591369,13116,64927047
2022,sablefish,core,69233567,31403817.7390838,31404,169457041
2022,salmon,core,714995030,324316290.195921,324320,827175473
2022,scallops,core,32079057,14550815.4919951,14550,484137644
2022,sea_cucumber_urchin_other_inverts,extended,7024334,3186184.30673158,3185,24316673
2022,sharks_rays_skates,extended,62186896,28207501.5395835,28207,11408887
2022,shrimp,core,286169280,129804201.936394,129808,443035055
2022,small_pelagics_other,extended,1452629008,658901434.469469,658905,229603402
2022,snapper_grouper,core,16446198,7459869.92830926,7451,81602535
2022,squid_octopus,core,200575110,90979339.5079107,90979,155644239
2022,swordfish,core,6229680,2825735.3155416,2826,22920423
2022,tilapia,core,381093,172860.87706041,173,256571
2022,trout,core,899296,407913.80397152,408,2246064
2022,tuna,core,47515008,21552445.089289,21555,172254377
2023,catfish_other,extended,12020128,5452238.34722336,5452,6324836
2023,clams,core,48604303,22046540.9899681,22045,193489552
2023,cod,core,374939836,170069848.818651,170071,153895246
2023,crab,core,262917802,119257508.924371,119259,704258336
2023,eel_sturgeon_shad,extended,3743782,1698150.95014334,1697,21879275
2023,flatfish,core,443633470,201228757.068624,201231,125147223
2023,halibut,core,24559579,11140037.6448122,11140,92486394
2023,herring,core,59605756,27036716.1296817,27037,21598929
2023,inland_freshwater_other,extended,4071332,1846725.13093684,1845,1550279
2023,large_pelagics_other,extended,2207776,1001430.34826912,998,6958229
2023,lobster,core,127583054,57870699.835698,57872,699101818
2023,mackerel,core,162927760,73902788.7971912,73903,59327918
2023,misc_marine_fish_other,extended,22851757,10365382.6162941,10360,24680909
2023,mussels,core,1983762,899819.30709594,900,9900192
2023,other_groundfish,core,741721241,336439095.584531,336436,137512852
2023,other_shellfish_specialty,extended,1813326,822510.83792262,822,9316798
2023,oysters,core,22040522,9997412.61001714,9996,253908942
2023,pollock,core,3167865861,1436919783.73308,1436935,532449228
2023,reef_fish_other,extended,28767822,13048864.5607181,13044,59198876
2023,sablefish,core,67150037,30458744.4284177,30459,113389558
2023,salmon,core,856744343,388612697.025463,388617,453040475
2023,scallops,core,27694096,12561830.6396475,12561,363248957
2023,sea_cucumber_urchin_other_inverts,extended,6228113,2825024.53629781,2823,24937796
2023,sharks_rays_skates,extended,66463976,30147552.3934631,30150,16485842
2023,shrimp,core,272620166,123658427.205733,123661,311194356
2023,small_pelagics_other,extended,1370270960,621544452.288575,621550,220684165
2023,snapper_grouper,core,16603326,7531141.99022262,7524,85964509
2023,squid_octopus,core,103896122,47126488.2117891,47123,75668994
2023,swordfish,core,4679861,2122749.24226057,2124,15103475
2023,tilapia,core,209610,95077.4966757,95,149275
2023,trout,core,674385,305895.89044245,305,1734727
2023,tuna,core,36348239,16487283.8733364,16488,137671752
