nmfs_name,scientific_name,species_group,species_subgroup,include_main_analysis,notes,nmfs_name_u,analysis_tier
"AMBERJACK, GREATER",SERIOLA DUMERILI,reef_fish_other,,FALSE,,"AMBERJACK, GREATER",extended
"BARRACUDAS, SPHYRAENIDAE (FAMILY) **",SPHYRAENIDAE,misc_marine_fish_other,,FALSE,,"BARRACUDAS, SPHYRAENIDAE (FAMILY) **",extended
BIGEYE,PRIACANTHUS ARENATUS,reef_fish_other,,FALSE,,BIGEYE,extended
BLUEFISH,POMATOMUS SALTATRIX,misc_marine_fish_other,,FALSE,,BLUEFISH,extended
BUFFALOFISHES **,ICTIOBUS,inland_freshwater_other,,FALSE,,BUFFALOFISHES **,extended
"BUMPER, ATLANTIC",CHLOROSCOMBRUS CHRYSURUS,reef_fish_other,,FALSE,,"BUMPER, ATLANTIC",extended
BUTTERFISH,PEPRILUS TRIACANTHUS,misc_marine_fish_other,,FALSE,,BUTTERFISH,extended
"CARP, COMMON",CYPRINUS CARPIO,inland_freshwater_other,,FALSE,,"CARP, COMMON",extended
"CATFISH, BLUE",ICTALURUS FURCATUS,catfish_other,,FALSE,,"CATFISH, BLUE",extended
"CATFISH, CHANNEL",ICTALURUS PUNCTATUS,catfish_other,,FALSE,,"CATFISH, CHANNEL",extended
"CATFISHES, FORKTAIL **",ICTALURUS,catfish_other,,FALSE,,"CATFISHES, FORKTAIL **",extended
"CATFISHES, SEA **",ARIIDAE,catfish_other,,FALSE,,"CATFISHES, SEA **",extended
"CHUB, BERMUDA",KYPHOSUS SECTATOR,reef_fish_other,,FALSE,,"CHUB, BERMUDA",extended
COBIA,RACHYCENTRON CANADUM,reef_fish_other,,FALSE,,COBIA,extended
"CRAB, BLUE",CALLINECTES SAPIDUS,crab,,TRUE,,"CRAB, BLUE",core
"CRAB, FLORIDA STONE",MENIPPE MERCENARIA,crab,,TRUE,,"CRAB, FLORIDA STONE",core
"CRABS, DECAPODA (ORDER) **",DECAPODA,crab,,TRUE,,"CRABS, DECAPODA (ORDER) **",core
"CROAKER, ATLANTIC",MICROPOGONIAS UNDULATUS,misc_marine_fish_other,,FALSE,,"CROAKER, ATLANTIC",extended
DOLPHINFISH,CORYPHAENA HIPPURUS,large_pelagics_other,,FALSE,,DOLPHINFISH,extended
"DRUM, BLACK",POGONIAS CROMIS,misc_marine_fish_other,,FALSE,,"DRUM, BLACK",extended
"DRUM, FRESHWATER",APLODINOTUS GRUNNIENS,misc_marine_fish_other,,FALSE,,"DRUM, FRESHWATER",extended
"DRUM, RED",SCIAENOPS OCELLATUS,misc_marine_fish_other,,FALSE,,"DRUM, RED",extended
DRUMS **,SCIAENIDAE,misc_marine_fish_other,,FALSE,,DRUMS **,extended
FLATFISHES **,PLEURONECTIFORMES,flatfish,,TRUE,,FLATFISHES **,core
"GROUPER, GAG",MYCTEROPERCA MICROLEPIS,snapper_grouper,,TRUE,,"GROUPER, GAG",core
"GROUPER, SNOWY",EPINEPHELUS NIVEATUS,snapper_grouper,,TRUE,,"GROUPER, SNOWY",core
"GROUPER, WARSAW",EPINEPHELUS NIGRITUS,snapper_grouper,,TRUE,,"GROUPER, WARSAW",core
"GROUPER, YELLOWEDGE",EPINEPHELUS FLAVOLIMBATUS,snapper_grouper,,TRUE,,"GROUPER, YELLOWEDGE",core
"GRUNTS, HAEMULIDAE (FAMILY) **",HAEMULIDAE,reef_fish_other,,FALSE,,"GRUNTS, HAEMULIDAE (FAMILY) **",extended
"HERRING, ATLANTIC THREAD",OPISTHONEMA OGLINUM,herring,,TRUE,,"HERRING, ATLANTIC THREAD",core
"HIND, SPECKLED",EPINEPHELUS DRUMMONDHAYI,snapper_grouper,,TRUE,,"HIND, SPECKLED",core
"JACK, ALMACO",SERIOLA RIVOLIANA,reef_fish_other,,FALSE,,"JACK, ALMACO",extended
"JACK, BAR",CARANGOIDES RUBER,reef_fish_other,,FALSE,,"JACK, BAR",extended
"JACK, BLUNTNOSE",HEMICRANX AMBLYRHYNCHUS,reef_fish_other,,FALSE,,"JACK, BLUNTNOSE",extended
"JACK, CREVALLE",CARANX HIPPOS,reef_fish_other,,FALSE,,"JACK, CREVALLE",extended
KINGFISHES **,MENTICIRRHUS,misc_marine_fish_other,,FALSE,,KINGFISHES **,extended
LADYFISH,ELOPS SAURUS,misc_marine_fish_other,,FALSE,,LADYFISH,extended
LOOKDOWN,SELENE VOMER,reef_fish_other,,FALSE,,LOOKDOWN,extended
"MACKEREL, KING",SCOMBEROMORUS CAVALLA,mackerel,,TRUE,,"MACKEREL, KING",core
"MACKEREL, SPANISH",SCOMBEROMORUS MACULATUS,mackerel,,TRUE,,"MACKEREL, SPANISH",core
MENHADENS **,BREVOORTIA,small_pelagics_other,,FALSE,,MENHADENS **,extended
"MULLET, STRIPED",MUGIL CEPHALUS,misc_marine_fish_other,,FALSE,,"MULLET, STRIPED",extended
"MULLET, WHITE",MUGIL CUREMA,misc_marine_fish_other,,FALSE,,"MULLET, WHITE",extended
MULLETS **,MUGILIDAE,misc_marine_fish_other,,FALSE,,MULLETS **,extended
OILFISH,RUVETTUS PRETIOSUS,large_pelagics_other,,FALSE,,OILFISH,extended
"OYSTER, EASTERN",CRASSOSTREA VIRGINICA,oysters,,TRUE,,"OYSTER, EASTERN",core
PINFISH,LAGODON RHOMBOIDES,reef_fish_other,,FALSE,,PINFISH,extended
"POMPANO, AFRICAN",ALECTIS CILIARIS,reef_fish_other,,FALSE,,"POMPANO, AFRICAN",extended
"POMPANO, FLORIDA",TRACHINOTUS CAROLINUS,reef_fish_other,,FALSE,,"POMPANO, FLORIDA",extended
"PORGY, RED",PAGRUS PAGRUS,reef_fish_other,,FALSE,,"PORGY, RED",extended
"PORGY, WHITEBONE",CALAMUS LEUCOSTEUS,reef_fish_other,,FALSE,,"PORGY, WHITEBONE",extended
"RUDDERFISH, BANDED",SERIOLA ZONATA,reef_fish_other,,FALSE,,"RUDDERFISH, BANDED",extended
"RUNNER, BLUE",CARANX CRYSOS,reef_fish_other,,FALSE,,"RUNNER, BLUE",extended
"RUNNER, RAINBOW",ELAGATIS BIPINNULATA,reef_fish_other,,FALSE,,"RUNNER, RAINBOW",extended
"SCAD, BIGEYE",SELAR CRUMENOPHTHALMUS,reef_fish_other,,FALSE,,"SCAD, BIGEYE",extended
SCAMP,MYCTEROPERCA PHENAX,snapper_grouper,,TRUE,,SCAMP,core
"SEATROUT, SAND",CYNOSCION ARENARIUS,trout,,TRUE,,"SEATROUT, SAND",core
"SEATROUT, SPOTTED",CYNOSCION NEBULOSUS,trout,,TRUE,,"SEATROUT, SPOTTED",core
"SHARK, BLACKTIP",CARCHARHINUS LIMBATUS,sharks_rays_skates,,FALSE,,"SHARK, BLACKTIP",extended
"SHARK, BLUE",PRIONACE GLAUCA,sharks_rays_skates,,FALSE,,"SHARK, BLUE",extended
"SHARK, BULL",CARCHARHINUS LEUCAS,sharks_rays_skates,,FALSE,,"SHARK, BULL",extended
"SHARK, FINETOOTH",CARCHARHINUS ISODON,sharks_rays_skates,,FALSE,,"SHARK, FINETOOTH",extended
"SHARK, HAMMERHEAD, GREAT",SPHYRNA MOKARRAN,sharks_rays_skates,,FALSE,,"SHARK, HAMMERHEAD, GREAT",extended
"SHARK, HAMMERHEAD, SCALLOPED",SPHYRNA LEWINI,sharks_rays_skates,,FALSE,,"SHARK, HAMMERHEAD, SCALLOPED",extended
"SHARK, NURSE",GINGLYMOSTOMA CIRRATUM,sharks_rays_skates,,FALSE,,"SHARK, NURSE",extended
"SHARK, SANDBAR",CARCHARHINUS PLUMBEUS,sharks_rays_skates,,FALSE,,"SHARK, SANDBAR",extended
"SHARK, SHARPNOSE, ATLANTIC",RHIZOPRIONODON TERRAENOVAE,sharks_rays_skates,,FALSE,,"SHARK, SHARPNOSE, ATLANTIC",extended
"SHARK, SPINNER",CARCHARHINUS BREVIPINNA,sharks_rays_skates,,FALSE,,"SHARK, SPINNER",extended
"SHARK, TIGER",GALEOCERDO CUVIER,sharks_rays_skates,,FALSE,,"SHARK, TIGER",extended
SHEEPSHEAD,ARCHOSARGUS PROBATOCEPHALUS,reef_fish_other,,FALSE,,SHEEPSHEAD,extended
"SHRIMP, BROWN",PENAEUS AZTECUS,shrimp,,TRUE,,"SHRIMP, BROWN",core
"SHRIMP, NORTHERN PINK",PENAEUS DUORARUM,shrimp,,TRUE,,"SHRIMP, NORTHERN PINK",core
"SHRIMP, NORTHERN WHITE",PENAEUS SETIFERUS,shrimp,,TRUE,,"SHRIMP, NORTHERN WHITE",core
"SHRIMP, ROYAL RED",PLEOTICUS ROBUSTUS,shrimp,,TRUE,,"SHRIMP, ROYAL RED",core
"SHRIMPS, ROCK **",SICYONIA,shrimp,,TRUE,,"SHRIMPS, ROCK **",core
"SNAPPER, GRAY",LUTJANUS GRISEUS,snapper_grouper,,TRUE,,"SNAPPER, GRAY",core
"SNAPPER, LANE",LUTJANUS SYNAGRIS,snapper_grouper,,TRUE,,"SNAPPER, LANE",core
"SNAPPER, RED",LUTJANUS CAMPECHANUS,snapper_grouper,,TRUE,,"SNAPPER, RED",core
"SNAPPER, VERMILION",RHOMBOPLITES AURORUBENS,snapper_grouper,,TRUE,,"SNAPPER, VERMILION",core
SPADEFISH,EPHIPPIDAE,reef_fish_other,,FALSE,,SPADEFISH,extended
SPOT,LEIOSTOMUS XANTHURUS,misc_marine_fish_other,,FALSE,,SPOT,extended
"SQUIDS, LOLIGINIDAE **",LOLIGINIDAE,squid_octopus,,TRUE,,"SQUIDS, LOLIGINIDAE **",core
"STINGRAYS, DASYATIDAE (FAMILY) **",DASYATIDAE,sharks_rays_skates,,FALSE,,"STINGRAYS, DASYATIDAE (FAMILY) **",extended
SWORDFISH,XIPHIAS GLADIUS,swordfish,,TRUE,,SWORDFISH,core
"TRIGGERFISH, GRAY",BALISTES CAPRISCUS,reef_fish_other,,FALSE,,"TRIGGERFISH, GRAY",extended
TRIPLETAIL,LOBOTES SURINAMENSIS,misc_marine_fish_other,,FALSE,,TRIPLETAIL,extended
"TUNA, BIGEYE",THUNNUS OBESUS,tuna,,TRUE,,"TUNA, BIGEYE",core
"TUNA, BLACKFIN",THUNNUS ATLANTICUS,tuna,,TRUE,,"TUNA, BLACKFIN",core
"TUNA, LITTLE TUNNY",EUTHYNNUS ALLETTERATUS,tuna,,TRUE,,"TUNA, LITTLE TUNNY",core
"TUNA, YELLOWFIN",THUNNUS ALBACARES,tuna,,TRUE,,"TUNA, YELLOWFIN",core
"VERTEBRATES, JAWED",GNATHOSTOMATA,exclude_misc_taxa,,FALSE,,"VERTEBRATES, JAWED",exclude
WAHOO,ACANTHOCYBIUM SOLANDRI,large_pelagics_other,,FALSE,,WAHOO,extended
"CLAM, PACIFIC GEODUCK",PANOPEA ABRUPTA,clams,,TRUE,,"CLAM, PACIFIC GEODUCK",core
"COD, PACIFIC",GADUS MACROCEPHALUS,cod,,TRUE,,"COD, PACIFIC",core
"CRAB, DUNGENESS",CANCER MAGISTER,crab,,TRUE,,"CRAB, DUNGENESS",core
"CRAB, KING **",PARALITHODES,crab,,TRUE,,"CRAB, KING **",core
"CRAB, SOUTHERN TANNER",CHIONOECETES BAIRDI,crab,,TRUE,,"CRAB, SOUTHERN TANNER",core
CRUSTACEANS **,CRUSTACEA,exclude_misc_taxa,,FALSE,,CRUSTACEANS **,exclude
"CUCUMBERS, SEA **",HOLOTHUROIDEA,sea_cucumber_urchin_other_inverts,,FALSE,,"CUCUMBERS, SEA **",extended
"FLOUNDER, ARROWTOOTH",ATHERESTHES STOMIAS,flatfish,,TRUE,,"FLOUNDER, ARROWTOOTH",core
"HALIBUT, GREENLAND",REINHARDTIUS HIPPOGLOSSOIDES,halibut,,TRUE,,"HALIBUT, GREENLAND",core
"HALIBUT, PACIFIC",HIPPOGLOSSUS STENOLEPIS,halibut,,TRUE,,"HALIBUT, PACIFIC",core
"HERRING, PACIFIC",CLUPEA PALLASII,herring,,TRUE,,"HERRING, PACIFIC",core
LINGCOD,OPHIODON ELONGATUS,other_groundfish,,TRUE,,LINGCOD,core
"MACKEREL, ATKA",PLEUROGRAMMUS MONOPTERYGIUS,mackerel,,TRUE,,"MACKEREL, ATKA",core
OCTOPUSES **,OCTOPODIDAE,squid_octopus,,TRUE,,OCTOPUSES **,core
"POLLOCK, WALLEYE",GADUS CHALCOGRAMMUS,pollock,,TRUE,,"POLLOCK, WALLEYE",core
"ROCKFISH, PACIFIC OCEAN PERCH",SEBASTES ALUTUS,other_groundfish,,TRUE,,"ROCKFISH, PACIFIC OCEAN PERCH",core
"ROCKFISH, WIDOW",SEBASTES ENTOMELAS,other_groundfish,,TRUE,,"ROCKFISH, WIDOW",core
"ROCKFISH, YELLOWTAIL",SEBASTES FLAVIDUS,other_groundfish,,TRUE,,"ROCKFISH, YELLOWTAIL",core
ROCKFISHES **,SEBASTES,other_groundfish,,TRUE,,ROCKFISHES **,core
SABLEFISH,ANOPLOPOMA FIMBRIA,sablefish,,TRUE,,SABLEFISH,core
"SALMON, CHINOOK",ONCORHYNCHUS TSHAWYTSCHA,salmon,,TRUE,,"SALMON, CHINOOK",core
"SALMON, CHUM",ONCORHYNCHUS KETA,salmon,,TRUE,,"SALMON, CHUM",core
"SALMON, COHO",ONCORHYNCHUS KISUTCH,salmon,,TRUE,,"SALMON, COHO",core
"SALMON, PACIFIC **",ONCORHYNCHUS,salmon,,TRUE,,"SALMON, PACIFIC **",core
"SALMON, PINK",ONCORHYNCHUS GORBUSCHA,salmon,,TRUE,,"SALMON, PINK",core
"SALMON, SOCKEYE",ONCORHYNCHUS NERKA,salmon,,TRUE,,"SALMON, SOCKEYE",core
"SCALLOP, WEATHERVANE",PATINOPECTEN CAURINUS,scallops,,TRUE,,"SCALLOP, WEATHERVANE",core
"SHARK, DOGFISH, SPINY",SQUALUS ACANTHIAS,sharks_rays_skates,,FALSE,,"SHARK, DOGFISH, SPINY",extended
"SHRIMPS, PENAEID **",PENAEIDAE,shrimp,,TRUE,,"SHRIMPS, PENAEID **",core
"SKATES, RAJIDAE (FAMILY) **",RAJIDAE,sharks_rays_skates,,FALSE,,"SKATES, RAJIDAE (FAMILY) **",extended
"SOLE, BUTTER",ISOPSETTA ISOLEPIS,flatfish,,TRUE,,"SOLE, BUTTER",core
"SOLE, ENGLISH",PAROPHRYS VETULUS,flatfish,,TRUE,,"SOLE, ENGLISH",core
"SOLE, FLATHEAD",HIPPOGLOSSOIDES ELASSODON,flatfish,,TRUE,,"SOLE, FLATHEAD",core
"SOLE, REX",GLYPTOCEPHALUS ZACHIRUS,flatfish,,TRUE,,"SOLE, REX",core
"SOLE, ROCK",PARAPLAGUSIA BILINEATA,flatfish,,TRUE,,"SOLE, ROCK",core
"SOLE, SAND",PSETTICHTHYS MELANOSTICTUS,flatfish,,TRUE,,"SOLE, SAND",core
"SOLE, YELLOWFIN",LIMANDA ASPERA,flatfish,,TRUE,,"SOLE, YELLOWFIN",core
"ANCHOVY, NORTHERN",ENGRAULIS MORDAX,small_pelagics_other,,FALSE,,"ANCHOVY, NORTHERN",extended
"BARRACUDA, PACIFIC",SPHYRAENA ARGENTEA,misc_marine_fish_other,,FALSE,,"BARRACUDA, PACIFIC",extended
"BASS, WHITE SEA",ATRACTOSCION NOBILIS,reef_fish_other,,FALSE,,"BASS, WHITE SEA",extended
"BONITO, PACIFIC",SARDA CHILIENSIS,small_pelagics_other,,FALSE,,"BONITO, PACIFIC",extended
CABEZON,SCORPAENICHTHYS MARMORATUS,other_groundfish,,TRUE,,CABEZON,core
CLAMS **,BIVALVIA,clams,,TRUE,,CLAMS **,core
"CRAB, RED ROCK",CANCER PRODUCTUS,crab,,TRUE,,"CRAB, RED ROCK",core
"CROAKER, PACIFIC WHITE",GENYONEMUS LINEATUS,misc_marine_fish_other,,FALSE,,"CROAKER, PACIFIC WHITE",extended
ECHINODERM **,ECHINODERMATA,sea_cucumber_urchin_other_inverts,,FALSE,,ECHINODERM **,extended
EELS **,ANGUILLIFORMES,eel_sturgeon_shad,,FALSE,,EELS **,extended
"FLOUNDER, PACIFIC, SANDDAB **",CITHARICHTHYS,flatfish,,TRUE,,"FLOUNDER, PACIFIC, SANDDAB **",core
"FLOUNDER, STARRY",PLATICHTHYS STELLATUS,flatfish,,TRUE,,"FLOUNDER, STARRY",core
"FLOUNDER,PACIFIC,SANDDAB",CITHARICHTHYS SORDIDUS,flatfish,,TRUE,,"FLOUNDER,PACIFIC,SANDDAB",core
"FLOUNDERS, RIGHTEYE **",PLEURONECTIDAE,flatfish,,TRUE,,"FLOUNDERS, RIGHTEYE **",core
"GREENLING, KELP",HEXAGRAMMOS DECAGRAMMUS,other_groundfish,,TRUE,,"GREENLING, KELP",core
GREENLINGS **,HEXAGRAMMIDAE,other_groundfish,,TRUE,,GREENLINGS **,core
GRENADIERS **,MACROURIDAE,other_groundfish,,TRUE,,GRENADIERS **,core
"HAGFISH, PACIFIC",EPTATRETUS STOUTII,other_groundfish,,TRUE,,"HAGFISH, PACIFIC",core
"HAKE, PACIFIC (WHITING)",MERLUCCIUS PRODUCTUS,other_groundfish,,TRUE,,"HAKE, PACIFIC (WHITING)",core
"HALIBUT, CALIFORNIA",PARALICHTHYS CALIFORNICUS,flatfish,,TRUE,,"HALIBUT, CALIFORNIA",core
"HERRING, ROUND",ETRUMEUS TERES,herring,,TRUE,,"HERRING, ROUND",core
JACK MACKEREL,TRACHURUS SYMMETRICUS,mackerel,,TRUE,,JACK MACKEREL,core
"JACK, YELLOWTAIL",SERIOLA LALANDI,reef_fish_other,,FALSE,,"JACK, YELLOWTAIL",extended
"LOBSTER, CALIFORNIA SPINY",PANULIRUS INTERRUPTUS,lobster,,TRUE,,"LOBSTER, CALIFORNIA SPINY",core
LOUVAR,LUVARUS IMPERIALIS,large_pelagics_other,,FALSE,,LOUVAR,extended
"MACKEREL, CHUB",SCOMBER JAPONICUS,mackerel,,TRUE,,"MACKEREL, CHUB",core
MOLLUSKS **,MOLLUSCA,exclude_misc_taxa,,FALSE,,MOLLUSKS **,exclude
"OYSTER, PACIFIC",CRASSOSTREA GIGAS,oysters,,TRUE,,"OYSTER, PACIFIC",core
"PRICKLEBACK, MONKEYFACE",CEBIDICHTHYS VIOLACEUS,other_groundfish,,TRUE,,"PRICKLEBACK, MONKEYFACE",core
QUEENFISH,SERIPHUS POLITUS,misc_marine_fish_other,,FALSE,,QUEENFISH,extended
"RATFISH, SPOTTED",HYDROLAGUS COLLIEI,misc_marine_fish_other,,FALSE,,"RATFISH, SPOTTED",extended
"ROCKFISH, AURORA",SEBASTES AURORA,other_groundfish,,TRUE,,"ROCKFISH, AURORA",core
"ROCKFISH, BANK",SEBASTES RUFUS,other_groundfish,,TRUE,,"ROCKFISH, BANK",core
"ROCKFISH, BLACK",SEBASTES MELANOPS,other_groundfish,,TRUE,,"ROCKFISH, BLACK",core
"ROCKFISH, BLACK-AND-YELLOW",SEBASTES CHRYSOMELAS,other_groundfish,,TRUE,,"ROCKFISH, BLACK-AND-YELLOW",core
"ROCKFISH, BLACKGILL",SEBASTES MELANOSTOMUS,other_groundfish,,TRUE,,"ROCKFISH, BLACKGILL",core
"ROCKFISH, BLUE",SEBASTES MYSTINUS,other_groundfish,,TRUE,,"ROCKFISH, BLUE",core
"ROCKFISH, BOCACCIO",SEBASTES PAUCISPINIS,other_groundfish,,TRUE,,"ROCKFISH, BOCACCIO",core
"ROCKFISH, BROWN",SEBASTES AURICULATUS,other_groundfish,,TRUE,,"ROCKFISH, BROWN",core
"ROCKFISH, CALICO",SEBASTES DALLII,other_groundfish,,TRUE,,"ROCKFISH, CALICO",core
"ROCKFISH, CANARY",SEBASTES PINNIGER,other_groundfish,,TRUE,,"ROCKFISH, CANARY",core
"ROCKFISH, CHILIPEPPER",SEBASTES GOODEI,other_groundfish,,TRUE,,"ROCKFISH, CHILIPEPPER",core
"ROCKFISH, CHINA",SEBASTES NEBULOSUS,other_groundfish,,TRUE,,"ROCKFISH, CHINA",core
"ROCKFISH, COPPER",SEBASTES CAURINUS,other_groundfish,,TRUE,,"ROCKFISH, COPPER",core
"ROCKFISH, COWCOD",SEBASTES LEVIS,other_groundfish,,TRUE,,"ROCKFISH, COWCOD",core
"ROCKFISH, DARKBLOTCHED",SEBASTES CRAMERI,other_groundfish,,TRUE,,"ROCKFISH, DARKBLOTCHED",core
"ROCKFISH, FLAG",SEBASTES RUBRIVINCTUS,other_groundfish,,TRUE,,"ROCKFISH, FLAG",core
"ROCKFISH, GOPHER",SEBASTES CARNATUS,other_groundfish,,TRUE,,"ROCKFISH, GOPHER",core
"ROCKFISH, GRASS",SEBASTES RASTRELLIGER,other_groundfish,,TRUE,,"ROCKFISH, GRASS",core
"ROCKFISH, GREENBLOTCHED",SEBASTES ROSENBLATTI,other_groundfish,,TRUE,,"ROCKFISH, GREENBLOTCHED",core
"ROCKFISH, GREENSPOTTED",SEBASTES CHLOROSTICTUS,other_groundfish,,TRUE,,"ROCKFISH, GREENSPOTTED",core
"ROCKFISH, GREENSTRIPED",SEBASTES ELONGATUS,other_groundfish,,TRUE,,"ROCKFISH, GREENSTRIPED",core
"ROCKFISH, HONEYCOMB",SEBASTES UMBROSUS,other_groundfish,,TRUE,,"ROCKFISH, HONEYCOMB",core
"ROCKFISH, KELP",SEBASTES ATROVIRENS,other_groundfish,,TRUE,,"ROCKFISH, KELP",core
"ROCKFISH, MEXICAN",SEBASTES MACDONALDI,other_groundfish,,TRUE,,"ROCKFISH, MEXICAN",core
"ROCKFISH, OLIVE",SEBASTES SERRANOIDES,other_groundfish,,TRUE,,"ROCKFISH, OLIVE",core
"ROCKFISH, PINK",SEBASTES EOS,other_groundfish,,TRUE,,"ROCKFISH, PINK",core
"ROCKFISH, PINKROSE",SEBASTES SIMULATOR,other_groundfish,,TRUE,,"ROCKFISH, PINKROSE",core
"ROCKFISH, QUILLBACK",SEBASTES MALIGER,other_groundfish,,TRUE,,"ROCKFISH, QUILLBACK",core
"ROCKFISH, REDBANDED",SEBASTES BABCOCKI,other_groundfish,,TRUE,,"ROCKFISH, REDBANDED",core
"ROCKFISH, REDSTRIPE",SEBASTES PRORIGER,other_groundfish,,TRUE,,"ROCKFISH, REDSTRIPE",core
"ROCKFISH, ROSETHORN",SEBASTES HELVOMACULATUS,other_groundfish,,TRUE,,"ROCKFISH, ROSETHORN",core
"ROCKFISH, ROSY",SEBASTES ROSACEUS,other_groundfish,,TRUE,,"ROCKFISH, ROSY",core
"ROCKFISH, ROUGHEYE/BLACKSPOT",SEBASTES ALEUTIANUS,other_groundfish,,TRUE,,"ROCKFISH, ROUGHEYE/BLACKSPOT",core
"ROCKFISH, SHARPCHIN",SEBASTES ZACENTRUS,other_groundfish,,TRUE,,"ROCKFISH, SHARPCHIN",core
"ROCKFISH, SHORTBELLY",SEBASTES JORDANI,other_groundfish,,TRUE,,"ROCKFISH, SHORTBELLY",core
"ROCKFISH, SHORTRAKER",SEBASTES BOREALIS,other_groundfish,,TRUE,,"ROCKFISH, SHORTRAKER",core
"ROCKFISH, SILVERGRAY",SEBASTES BREVISPINIS,other_groundfish,,TRUE,,"ROCKFISH, SILVERGRAY",core
"ROCKFISH, SPECKLED",SEBASTES OVALIS,other_groundfish,,TRUE,,"ROCKFISH, SPECKLED",core
"ROCKFISH, SPLITNOSE",SEBASTES DIPLOPROA,other_groundfish,,TRUE,,"ROCKFISH, SPLITNOSE",core
"ROCKFISH, SQUARESPOT",SEBASTES HOPKINSI,other_groundfish,,TRUE,,"ROCKFISH, SQUARESPOT",core
"ROCKFISH, STARRY",SEBASTES CONSTELLATUS,other_groundfish,,TRUE,,"ROCKFISH, STARRY",core
"ROCKFISH, STRIPETAIL",SEBASTES SAXICOLA,other_groundfish,,TRUE,,"ROCKFISH, STRIPETAIL",core
"ROCKFISH, SWORDSPINE",SEBASTES ENSIFER,other_groundfish,,TRUE,,"ROCKFISH, SWORDSPINE",core
"ROCKFISH, TREEFISH",SEBASTES SERRICEPS,other_groundfish,,TRUE,,"ROCKFISH, TREEFISH",core
"ROCKFISH, VERMILION",SEBASTES MINIATUS,other_groundfish,,TRUE,,"ROCKFISH, VERMILION",core
"ROCKFISH, YELLOWEYE",SEBASTES RUBERRIMUS,other_groundfish,,TRUE,,"ROCKFISH, YELLOWEYE",core
"ROCKFISH, YELLOWMOUTH",SEBASTES REEDI,other_groundfish,,TRUE,,"ROCKFISH, YELLOWMOUTH",core
"SARDINE, PACIFIC",SARDINOPS SAGAX,small_pelagics_other,,FALSE,,"SARDINE, PACIFIC",extended
SCORPIONFISHES **,SCORPAENIDAE,other_groundfish,,TRUE,,SCORPIONFISHES **,core
SCULPINS **,COTTIDAE,other_groundfish,,TRUE,,SCULPINS **,core
"SEA BASS, GIANT",STEREOLEPIS GIGAS,reef_fish_other,,FALSE,,"SEA BASS, GIANT",extended
"SHAD, AMERICAN",ALOSA SAPIDISSIMA,eel_sturgeon_shad,,FALSE,,"SHAD, AMERICAN",extended
"SHARK, LEOPARD",TRIAKIS SEMIFASCIATA,sharks_rays_skates,,FALSE,,"SHARK, LEOPARD",extended
"SHARK, MAKO, SHORTFIN",ISURUS OXYRINCHUS,sharks_rays_skates,,FALSE,,"SHARK, MAKO, SHORTFIN",extended
"SHARK, PACIFIC ANGEL",SQUATINA CALIFORNICA,sharks_rays_skates,,FALSE,,"SHARK, PACIFIC ANGEL",extended
"SHARK, THRESHER",ALOPIAS VULPINUS,sharks_rays_skates,,FALSE,,"SHARK, THRESHER",extended
"SHARK, THRESHER, BIGEYE",ALOPIAS SUPERCILIOSUS,sharks_rays_skates,,FALSE,,"SHARK, THRESHER, BIGEYE",extended
"SHARK, TOPE",GALEORHINUS GALEUS,sharks_rays_skates,,FALSE,,"SHARK, TOPE",extended
"SHARKS, CHONDRICHTHYES (CLASS) **",CHONDRICHTHYES,sharks_rays_skates,,FALSE,,"SHARKS, CHONDRICHTHYES (CLASS) **",extended
"SHEEPHEAD, CALIFORNIA",SEMICOSSYPHUS PULCHER,reef_fish_other,,FALSE,,"SHEEPHEAD, CALIFORNIA",extended
"SHRIMP, BRINE",ARTEMIA SALINA,shrimp,,TRUE,,"SHRIMP, BRINE",core
"SHRIMP, PACIFIC ROCK",SICYONIA INGENTIS,shrimp,,TRUE,,"SHRIMP, PACIFIC ROCK",core
"SHRIMP, SPOT",PANDALUS PLATYCEROS,shrimp,,TRUE,,"SHRIMP, SPOT",core
"SKATE, BIG",RAJA BINOCULATA,sharks_rays_skates,,FALSE,,"SKATE, BIG",extended
"SKATE, CALIFORNIA",RAJA INORNATA,sharks_rays_skates,,FALSE,,"SKATE, CALIFORNIA",extended
SMELTS **,OSMERIDAE,eel_sturgeon_shad,,FALSE,,SMELTS **,extended
"SOLE, C-O",PLEURONICHTHYS COENOSUS,flatfish,,TRUE,,"SOLE, C-O",core
"SOLE, CURLFIN",PLEURONICHTHYS DECURRENS,flatfish,,TRUE,,"SOLE, CURLFIN",core
"SOLE, DOVER",MICROSTOMUS PACIFICUS,flatfish,,TRUE,,"SOLE, DOVER",core
"SOLE, FANTAIL",XYSTREURYS LIOLEPIS,flatfish,,TRUE,,"SOLE, FANTAIL",core
"SOLE, PETRALE",EOPSETTA JORDANI,flatfish,,TRUE,,"SOLE, PETRALE",core
"SOLE, SLENDER",LYOPSETTA EXILIS,flatfish,,TRUE,,"SOLE, SLENDER",core
"SQUID, CALIFORNIA MARKET",LOLIGO OPALESCENS,squid_octopus,,TRUE,,"SQUID, CALIFORNIA MARKET",core
SURFPERCHES **,EMBIOTOCIDAE,misc_marine_fish_other,,FALSE,,SURFPERCHES **,extended
"THORNYHEAD, LONGSPINE",SEBASTOLOBUS ALTIVELIS,other_groundfish,,TRUE,,"THORNYHEAD, LONGSPINE",core
"THORNYHEAD, SHORTSPINE",SEBASTOLOBUS ALASCANUS,other_groundfish,,TRUE,,"THORNYHEAD, SHORTSPINE",core
"TOMCOD, PACIFIC",MICROGADUS PROXIMUS,other_groundfish,,TRUE,,"TOMCOD, PACIFIC",core
"TUNA, ALBACORE",THUNNUS ALALUNGA,tuna,,TRUE,,"TUNA, ALBACORE",core
"TUNA, BLUEFIN PACIFIC",THUNNUS ORIENTALIS,tuna,,TRUE,,"TUNA, BLUEFIN PACIFIC",core
"TUNA, SKIPJACK",KATSUWONUS PELAMIS,tuna,,TRUE,,"TUNA, SKIPJACK",core
"TURBOT, HORNYHEAD",PLEURONICHTHYS VERTICALIS,flatfish,,TRUE,,"TURBOT, HORNYHEAD",core
"URCHINS, SEA, STRONGYLOCENTROTUS (GENUS) **",STRONGYLOCENTROTUS,sea_cucumber_urchin_other_inverts,,FALSE,,"URCHINS, SEA, STRONGYLOCENTROTUS (GENUS) **",extended
"WHITEFISH, OCEAN",CAULOLATILUS PRINCEPS,other_groundfish,,TRUE,,"WHITEFISH, OCEAN",core
WITHHELD FOR CONFIDENTIALITY,OTHER,withheld_confidentiality,,FALSE,,WITHHELD FOR CONFIDENTIALITY,exclude
WOLF-EEL,ANARRHICHTHYS OCELLATUS,other_groundfish,,TRUE,,WOLF-EEL,core
"BASS, BLACK SEA",CENTROPRISTIS STRIATA,reef_fish_other,,FALSE,,"BASS, BLACK SEA",extended
"BASS, STRIPED",MORONE SAXATILIS,reef_fish_other,,FALSE,,"BASS, STRIPED",extended
"BONITO, ATLANTIC",SARDA SARDA,small_pelagics_other,,FALSE,,"BONITO, ATLANTIC",extended
"CATFISHES, BULLHEAD **",ICTALURIDAE,catfish_other,,FALSE,,"CATFISHES, BULLHEAD **",extended
"COD, ATLANTIC",GADUS MORHUA,cod,,TRUE,,"COD, ATLANTIC",core
CONCHS **,STROMBIDAE,other_shellfish_specialty,,FALSE,,CONCHS **,extended
"CRAB, GREEN",CARCINUS MAENAS,crab,,TRUE,,"CRAB, GREEN",core
"CRAB, HORSESHOE",LIMULUS POLYPHEMUS,crab,,TRUE,,"CRAB, HORSESHOE",core
"CRAB, JONAH",CANCER BOREALIS,crab,,TRUE,,"CRAB, JONAH",core
CUNNER,TAUTOGOLABRUS ADSPERSUS,reef_fish_other,,FALSE,,CUNNER,extended
DOLPHINFISH **,CORYPHAENA SPP.,large_pelagics_other,,FALSE,,DOLPHINFISH **,extended
"DORY, BUCKLER",ZENOPSIS CONCHIFERA,reef_fish_other,,FALSE,,"DORY, BUCKLER",extended
"EEL, AMERICAN",ANGUILLA ROSTRATA,eel_sturgeon_shad,,FALSE,,"EEL, AMERICAN",extended
"EEL, CONGER",CONGER OCEANICUS,eel_sturgeon_shad,,FALSE,,"EEL, CONGER",extended
ESCOLAR,LEPIDOCYBIUM FLAVOBRUNNEUM,large_pelagics_other,,FALSE,,ESCOLAR,extended
"FLOUNDER, AMERICAN PLAICE",HIPPOGLOSSOIDES PLATESSOIDES,flatfish,,TRUE,,"FLOUNDER, AMERICAN PLAICE",core
"FLOUNDER, FOURSPOT",PARALICHTHYS OBLONGUS,flatfish,,TRUE,,"FLOUNDER, FOURSPOT",core
"FLOUNDER, SUMMER",PARALICHTHYS DENTATUS,flatfish,,TRUE,,"FLOUNDER, SUMMER",core
"FLOUNDER, WINTER",PSEUDOPLEURONECTES AMERICANUS,flatfish,,TRUE,,"FLOUNDER, WINTER",core
"FLOUNDER, WITCH",GLYPTOCEPHALUS CYNOGLOSSUS,flatfish,,TRUE,,"FLOUNDER, WITCH",core
"FLOUNDER, YELLOWTAIL",LIMANDA FERRUGINEA,flatfish,,TRUE,,"FLOUNDER, YELLOWTAIL",core
GOOSEFISH,LOPHIUS AMERICANUS,other_groundfish,,TRUE,,GOOSEFISH,core
HADDOCK,MELANOGRAMMUS AEGLEFINUS,other_groundfish,,TRUE,,HADDOCK,core
"HAKE, RED",UROPHYCIS CHUSS,other_groundfish,,TRUE,,"HAKE, RED",core
"HAKE, SILVER",MERLUCCIUS BILINEARIS,other_groundfish,,TRUE,,"HAKE, SILVER",core
"HAKE, WHITE",UROPHYCIS TENUIS,other_groundfish,,TRUE,,"HAKE, WHITE",core
"HAKES, MERLUCCIUS (GENUS) **",MERLUCCIUS,other_groundfish,,TRUE,,"HAKES, MERLUCCIUS (GENUS) **",core
"HALIBUT, ATLANTIC",HIPPOGLOSSUS HIPPOGLOSSUS,halibut,,TRUE,,"HALIBUT, ATLANTIC",core
"HERRING, ATLANTIC",CLUPEA HARENGUS,herring,,TRUE,,"HERRING, ATLANTIC",core
"LOBSTER, AMERICAN",HOMARUS AMERICANUS,lobster,,TRUE,,"LOBSTER, AMERICAN",core
"LOBSTER, CARIBBEAN SPINY",PANULIRUS ARGUS,lobster,,TRUE,,"LOBSTER, CARIBBEAN SPINY",core
"MACKEREL, ATLANTIC",SCOMBER SCOMBRUS,mackerel,,TRUE,,"MACKEREL, ATLANTIC",core
"MACKEREL, ATLANTIC CHUB",SCOMBER COLIAS,mackerel,,TRUE,,"MACKEREL, ATLANTIC CHUB",core
OPAH,LAMPRIS GUTTATUS,large_pelagics_other,,FALSE,,OPAH,extended
"PERCH, WHITE",MORONE AMERICANA,inland_freshwater_other,,FALSE,,"PERCH, WHITE",extended
"PERCH, YELLOW",PERCA FLAVESCENS,inland_freshwater_other,,FALSE,,"PERCH, YELLOW",extended
POLLOCK,POLLACHIUS VIRENS,pollock,,TRUE,,POLLOCK,core
POMFRETS **,BRAMIDAE,reef_fish_other,,FALSE,,POMFRETS **,extended
"POUT, OCEAN",ZOARCES AMERICANUS,other_groundfish,,TRUE,,"POUT, OCEAN",core
"REDFISH, ACADIAN",SEBASTES FASCIATUS,other_groundfish,,TRUE,,"REDFISH, ACADIAN",core
RIBBONFISHES **,TRACHIPTERIDAE,review,,FALSE,,RIBBONFISHES **,review
"SCALLOP, SEA",PLACOPECTEN MAGELLANICUS,scallops,,TRUE,,"SCALLOP, SEA",core
SCUP,STENOTOMUS CHRYSOPS,reef_fish_other,,FALSE,,SCUP,extended
"SEAROBIN, NORTHERN",PRIONOTUS CAROLINUS,other_groundfish,,TRUE,,"SEAROBIN, NORTHERN",core
SEAROBINS **,TRIGLIDAE,other_groundfish,,TRUE,,SEAROBINS **,core
"SHAD, GIZZARD",DOROSOMA CEPEDIANUM,eel_sturgeon_shad,,FALSE,,"SHAD, GIZZARD",extended
"SHAD, HICKORY",ALOSA MEDIOCRIS,eel_sturgeon_shad,,FALSE,,"SHAD, HICKORY",extended
"SHARK, DOGFISH, SMOOTH",MUSTELUS CANIS,sharks_rays_skates,,FALSE,,"SHARK, DOGFISH, SMOOTH",extended
"SHRIMPS, MANTIS **",STOMATOPODA,shrimp,,TRUE,,"SHRIMPS, MANTIS **",core
"SKATE, BARNDOOR",DIPTURUS LAEVIS,sharks_rays_skates,,FALSE,,"SKATE, BARNDOOR",extended
"SKATE, CLEARNOSE",RAJA EGLANTERIA,sharks_rays_skates,,FALSE,,"SKATE, CLEARNOSE",extended
"SKATE, LITTLE",LEUCORAJA ERINACEA,sharks_rays_skates,,FALSE,,"SKATE, LITTLE",extended
"SKATE, SMOOTH",MALACORAJA SENTA,sharks_rays_skates,,FALSE,,"SKATE, SMOOTH",extended
"SKATE, WINTER",LEUCORAJA OCELLATA,sharks_rays_skates,,FALSE,,"SKATE, WINTER",extended
"SNAPPER, DOG",LUTJANUS JOCU,snapper_grouper,,TRUE,,"SNAPPER, DOG",core
"SQUID, LONGFIN LOLIGO",LOLIGO PEALEII,squid_octopus,,TRUE,,"SQUID, LONGFIN LOLIGO",core
TAUTOG,TAUTOGA ONITIS,reef_fish_other,,FALSE,,TAUTOG,extended
"TILEFISH, GOLDEN",LOPHOLATILUS CHAMAELEONTICEPS,reef_fish_other,,FALSE,,"TILEFISH, GOLDEN",extended
TRIGGERFISHES **,BALISTIDAE,reef_fish_other,,FALSE,,TRIGGERFISHES **,extended
"TUNA, BLUEFIN",THUNNUS THYNNUS,tuna,,TRUE,,"TUNA, BLUEFIN",core
WEAKFISH,CYNOSCION REGALIS,misc_marine_fish_other,,FALSE,,WEAKFISH,extended
"WHELK, CHANNELED",BUSYCOTYPUS CANALICULATUS,other_shellfish_specialty,,FALSE,,"WHELK, CHANNELED",extended
"WHELK, KNOBBED",BUSYCON CARICA,other_shellfish_specialty,,FALSE,,"WHELK, KNOBBED",extended
WHELKS **,MELONGENIDAE,other_shellfish_specialty,,FALSE,,WHELKS **,extended
WINDOWPANE,SCOPHTHALMUS AQUOSUS,other_groundfish,,TRUE,,WINDOWPANE,core
"CLAM, QUAHOG, NORTHERN",MERCENARIA MERCENARIA,clams,,TRUE,,"CLAM, QUAHOG, NORTHERN",core
"CRAB, ATLANTIC ROCK",CANCER IRRORATUS,crab,,TRUE,,"CRAB, ATLANTIC ROCK",core
"KINGFISH, NORTHERN",MENTICIRRHUS SAXATILIS,misc_marine_fish_other,,FALSE,,"KINGFISH, NORTHERN",extended
"MENHADEN, ATLANTIC",BREVOORTIA TYRANNUS,small_pelagics_other,,FALSE,,"MENHADEN, ATLANTIC",extended
"AMBERJACK, LESSER",SERIOLA FASCIATA,reef_fish_other,,FALSE,,"AMBERJACK, LESSER",extended
ANCHOVIES **,ENGRAULIDAE,small_pelagics_other,,FALSE,,ANCHOVIES **,extended
"ANEMONE, SPECKLED",PHYMANTHUS CRUCIFER,exclude_misc_taxa,,FALSE,,"ANEMONE, SPECKLED",exclude
"ANEMONE, SUN ZOANTHID **",PALYTHOA,exclude_misc_taxa,,FALSE,,"ANEMONE, SUN ZOANTHID **",exclude
"ANGELFISH, BLUE",HOLOCANTHUS BERMUDENSIS,exclude_misc_taxa,,FALSE,,"ANGELFISH, BLUE",exclude
"ANGELFISH, FRENCH",POMACANTHUS PARU,exclude_misc_taxa,,FALSE,,"ANGELFISH, FRENCH",exclude
"ANGELFISH, GRAY",POMACANTHUS ARCUATUS,exclude_misc_taxa,,FALSE,,"ANGELFISH, GRAY",exclude
"ANGELFISH, QUEEN",HOLACANTHUS CILIARIS,exclude_misc_taxa,,FALSE,,"ANGELFISH, QUEEN",exclude
BALLOONFISH,DIODON HOLOCANTHUS,exclude_misc_taxa,,FALSE,,BALLOONFISH,exclude
BALLYHOOS **,HEMIRAMPHUS,exclude_misc_taxa,,FALSE,,BALLYHOOS **,exclude
"BARRACUDA, GREAT",SPHYRAENA BARRACUDA,misc_marine_fish_other,,FALSE,,"BARRACUDA, GREAT",extended
BARRELFISH,HYPEROGLYPHE PERCIFORMIS,review,,FALSE,,BARRELFISH,review
"BASS, HARLEQUIN",SERRANUS TIGRINUS,reef_fish_other,,FALSE,,"BASS, HARLEQUIN",extended
BEAUGREGORY,STEGASTES,exclude_misc_taxa,,FALSE,,BEAUGREGORY,exclude
"BEAUTY, ROCK",HOLACANTHUS TRICOLOR,exclude_misc_taxa,,FALSE,,"BEAUTY, ROCK",exclude
BIGEYES **,PRIACANTHIDAE,reef_fish_other,,FALSE,,BIGEYES **,extended
"BISCUIT, INFLATED SEA",CLYPEASTER PROSTRATUS,exclude_misc_taxa,,FALSE,,"BISCUIT, INFLATED SEA",exclude
"BLENNY, FLORIDA",CHASMODES SABURRAE,exclude_misc_taxa,,FALSE,,"BLENNY, FLORIDA",exclude
"BLENNY, OTHER **",BLENNIIDAE,exclude_misc_taxa,,FALSE,,"BLENNY, OTHER **",exclude
"BLENNY, SADDLED",MALACOCTENUS TRIANGULATUS,exclude_misc_taxa,,FALSE,,"BLENNY, SADDLED",exclude
"BLENNY, SAILFIN",EMBLEMARIA PANDIONIS,exclude_misc_taxa,,FALSE,,"BLENNY, SAILFIN",exclude
BLUEHEAD,THALASSOMA BIFASCIATUM,exclude_misc_taxa,,FALSE,,BLUEHEAD,exclude
"BURRFISH, STRIPED",CHILOMYCTERUS SCHOEPFII,exclude_misc_taxa,,FALSE,,"BURRFISH, STRIPED",exclude
"BUTTERFISH, GULF",PEPRILUS BURTI,misc_marine_fish_other,,FALSE,,"BUTTERFISH, GULF",extended
"BUTTERFLYFISH, FOUREYE",CHAETODON CAPISTRATUS,exclude_misc_taxa,,FALSE,,"BUTTERFLYFISH, FOUREYE",exclude
"BUTTERFLYFISH, REEF",CHAETODON SEDENTARIUS,exclude_misc_taxa,,FALSE,,"BUTTERFLYFISH, REEF",exclude
"BUTTERFLYFISH, SPOTFIN",CHAETODON OCELLATUS,misc_marine_fish_other,,FALSE,,"BUTTERFLYFISH, SPOTFIN",extended
"CASSIOPEA, JAMAICAN",CASSIOPEA XANTHOCHANA,exclude_misc_taxa,,FALSE,,"CASSIOPEA, JAMAICAN",exclude
CERO,SCOMBEROMORUS REGALIS,review,,FALSE,,CERO,review
CHERUBFISH,CENTROPYGE ARGI,exclude_misc_taxa,,FALSE,,CHERUBFISH,exclude
CHITONS **,POLYPLACOPHORA,exclude_misc_taxa,,FALSE,,CHITONS **,exclude
"CHROMIS, BLUE",CHROMIS CYANEA,exclude_misc_taxa,,FALSE,,"CHROMIS, BLUE",exclude
"CHROMIS, BROWN",CHROMIS MULTILINEATA,exclude_misc_taxa,,FALSE,,"CHROMIS, BROWN",exclude
"CLAM, FILE, SPINY",LIMA LIMA,clams,,TRUE,,"CLAM, FILE, SPINY",core
"CLAM, QUAHOG, SOUTHERN",MERCENARIA CAMPECHIENSIS,clams,,TRUE,,"CLAM, QUAHOG, SOUTHERN",core
"CONCH, FLORIDA FIGHTING",STROMBUS ALATUS,other_shellfish_specialty,,FALSE,,"CONCH, FLORIDA FIGHTING",extended
"CONCH, HAWKWING",STROMBUS RANINUS,other_shellfish_specialty,,FALSE,,"CONCH, HAWKWING",extended
"CONCH, HORSE",PLEUROPLOCA GIGANTEA,other_shellfish_specialty,,FALSE,,"CONCH, HORSE",extended
"CORAL, DEEPWATER",SWIFTIA EXSERTA,exclude_misc_taxa,,FALSE,,"CORAL, DEEPWATER",exclude
"CORALLIMORPH, DISCOSOMA **",DISCOSOMA,exclude_misc_taxa,,FALSE,,"CORALLIMORPH, DISCOSOMA **",exclude
"CORALLIMORPH, FLORIDA",RICORDEA,exclude_misc_taxa,,FALSE,,"CORALLIMORPH, FLORIDA",exclude
CORALLINACEAE **,CORALLINACEAE,exclude_misc_taxa,,FALSE,,CORALLINACEAE **,exclude
"COWRIE, ATLANTIC DEER",CYPRAEA CERVUS,exclude_misc_taxa,,FALSE,,"COWRIE, ATLANTIC DEER",exclude
"COWRIE, MEASLED",CYPRAEA ZEBRA,exclude_misc_taxa,,FALSE,,"COWRIE, MEASLED",exclude
"CRAB, FURCATE SPIDER",STENOCIONOPS FURCATUS,crab,,TRUE,,"CRAB, FURCATE SPIDER",core
"CRAB, GOLDEN DEEPSEA",CHACEON FENNERI,crab,,TRUE,,"CRAB, GOLDEN DEEPSEA",core
"CRAB, GREEN CLINGING",MITHRACULUS SCULPTUS,crab,,TRUE,,"CRAB, GREEN CLINGING",core
"CRAB, HERMIT, GIANT",PETROCHIRUS,crab,,TRUE,,"CRAB, HERMIT, GIANT",core
"CRAB, HERMIT, ORANGECLAW",CALCINUS,crab,,TRUE,,"CRAB, HERMIT, ORANGECLAW",core
"CRAB, HERMIT, POLKADOTTED",PHIMOCHIRUS OPERCULATUS,crab,,TRUE,,"CRAB, HERMIT, POLKADOTTED",core
"CRAB, HERMIT, THINSTRIPE",CLIBANARIUS VITTATUS,crab,,TRUE,,"CRAB, HERMIT, THINSTRIPE",core
"CRAB, HERMIT, TRICOLOR",CLIBANARIUS TRICOLOR,crab,,TRUE,,"CRAB, HERMIT, TRICOLOR",core
"CRAB, MITHRACULUS RUBER",MITHRACULUS RUBER,crab,,TRUE,,"CRAB, MITHRACULUS RUBER",core
"CRAB, NIMBLE SPRAY",PERCNON GIBBESI,crab,,TRUE,,"CRAB, NIMBLE SPRAY",core
"CRAB, RED-RIDGED CLINGING",MITHRACULUS FORCEPS,crab,,TRUE,,"CRAB, RED-RIDGED CLINGING",core
"CRAB, SPOTTED PORCELAIN",PORCELLANA SAYANA,crab,,TRUE,,"CRAB, SPOTTED PORCELAIN",core
"CRAB, YELLOWLINE ARROW",STENORHYNCHUS SETICORNIS,crab,,TRUE,,"CRAB, YELLOWLINE ARROW",core
"CRABS, BRACHYURA **",BRACHYURA,crab,,TRUE,,"CRABS, BRACHYURA **",core
"CRABS, FIDDLER **",UCA,crab,,TRUE,,"CRABS, FIDDLER **",core
"CRABS, HERMIT, PAGUROIDEA (SUPERFAMILY) **",PAGUROIDEA,crab,,TRUE,,"CRABS, HERMIT, PAGUROIDEA (SUPERFAMILY) **",core
"CRABS, PORCELAIN **",PORCELLANIDAE,crab,,TRUE,,"CRABS, PORCELAIN **",core
"CRABS, SAND **",HIPPIDAE,crab,,TRUE,,"CRABS, SAND **",core
"CRABS, STONE **",MENIPPE,crab,,TRUE,,"CRABS, STONE **",core
"CUCUMBER, FLORIDA SEA",HOLOTHURIA FLORIDANA,sea_cucumber_urchin_other_inverts,,FALSE,,"CUCUMBER, FLORIDA SEA",extended
CUTLASSFISHES **,TRICHIURUS,exclude_misc_taxa,,FALSE,,CUTLASSFISHES **,exclude
"DAMSELFISH, BICOLOR",STEGASTES PARTITUS,exclude_misc_taxa,,FALSE,,"DAMSELFISH, BICOLOR",exclude
"DAMSELFISH, COCOA",STEGASTES VARIABILIS,exclude_misc_taxa,,FALSE,,"DAMSELFISH, COCOA",exclude
"DAMSELFISH, DUSKY",STEGASTES FUSCUS,exclude_misc_taxa,,FALSE,,"DAMSELFISH, DUSKY",exclude
"DAMSELFISH, THREESPOT",STEGASTES PLANIFRONS,misc_marine_fish_other,,FALSE,,"DAMSELFISH, THREESPOT",extended
"DAMSELFISH, YELLOWTAIL",MICROSPATHODON CHRYSURUS,exclude_misc_taxa,,FALSE,,"DAMSELFISH, YELLOWTAIL",exclude
DOCTORFISH,ACANTHURUS CHIRURGUS,exclude_misc_taxa,,FALSE,,DOCTORFISH,exclude
DRAGONETS **,CALLIONYMIDAE,exclude_misc_taxa,,FALSE,,DRAGONETS **,exclude
"EEL, MORAY, GOLDENTAIL",MURAENA MILARIS,eel_sturgeon_shad,,FALSE,,"EEL, MORAY, GOLDENTAIL",extended
"EEL, MORAY, SPOTTED",GYMNOTHORAX MORINGA,misc_marine_fish_other,,FALSE,,"EEL, MORAY, SPOTTED",extended
"EEL, SHARPTAIL",MYRICHTHYS BREVICEPS,eel_sturgeon_shad,,FALSE,,"EEL, SHARPTAIL",extended
"EELS, CONGER **",CONGRIDAE,eel_sturgeon_shad,,FALSE,,"EELS, CONGER **",extended
"EELS, CUSK **",OPHIDIIDAE,eel_sturgeon_shad,,FALSE,,"EELS, CUSK **",extended
"FILEFISH, ORANGESPOTTED",CANTHERHINES PULLUS,misc_marine_fish_other,,FALSE,,"FILEFISH, ORANGESPOTTED",extended
"FILEFISH, WHITESPOTTED",CANTHERHINES MACROCERUS,misc_marine_fish_other,,FALSE,,"FILEFISH, WHITESPOTTED",extended
FLAMEFISH,APOGON MACULATUS,exclude_misc_taxa,,FALSE,,FLAMEFISH,exclude
"FLOUNDER, GULF",PARALICHTHYS ALBIGUTTA,flatfish,,TRUE,,"FLOUNDER, GULF",core
"FLOUNDER, SOUTHERN",PARALICHTHYS LETHOSTIGMA,flatfish,,TRUE,,"FLOUNDER, SOUTHERN",core
"FLOUNDERS, LEFTEYED **",BOTHIDAE,flatfish,,TRUE,,"FLOUNDERS, LEFTEYED **",core
FLYINGFISHES **,EXOCOETIDAE,review,,FALSE,,FLYINGFISHES **,review
GOBIES **,GOBIIDAE,review,,FALSE,,GOBIES **,review
"GOBY, NEON",ELACATINUS OCEANOPS,review,,FALSE,,"GOBY, NEON",review
"GORGONIAN, SEA BLADES",PTEROGORGIA GUADALUPENSIS,review,,FALSE,,"GORGONIAN, SEA BLADES",review
GRAYSBY,CEPHALOPHOLIS CRUENTATA,review,,FALSE,,GRAYSBY,review
"GROUPER, BLACK",MYCTEROPERCA BONACI,snapper_grouper,,TRUE,,"GROUPER, BLACK",core
"GROUPER, RED",EPINEPHELUS MORIO,snapper_grouper,,TRUE,,"GROUPER, RED",core
"GROUPERS, SERRANIDAE (FAMILY) **",SERRANIDAE,snapper_grouper,,TRUE,,"GROUPERS, SERRANIDAE (FAMILY) **",core
"GRUNT, FRENCH",HAEMULON FLAVOLINEATUM,review,,FALSE,,"GRUNT, FRENCH",review
"GRUNT, WHITE",HAEMULON PLUMIERII,review,,FALSE,,"GRUNT, WHITE",review
"HAKES, RED AND WHITE **",UROPHYCIS,other_groundfish,,TRUE,,"HAKES, RED AND WHITE **",core
"HAMLET, BUTTER",HYPOPLECTRUS UNICOLOR,review,,FALSE,,"HAMLET, BUTTER",review
HIGH-HAT,PAREQUES ACUMINATUS,review,,FALSE,,HIGH-HAT,review
"HIND, RED",EPINEPHELUS GUTTATUS,snapper_grouper,,TRUE,,"HIND, RED",core
"HIND, ROCK",EPINEPHELUS ADSCENSIONIS,snapper_grouper,,TRUE,,"HIND, ROCK",core
HOGFISH,LACHNOLAIMUS MAXIMUS,review,,FALSE,,HOGFISH,review
"HOGFISH, SPANISH",BODIANUS RUFUS,review,,FALSE,,"HOGFISH, SPANISH",review
"HOGFISH, SPOTFIN",BODIANUS PULCHELLUS,misc_marine_fish_other,,FALSE,,"HOGFISH, SPOTFIN",extended
"JACK, HORSE-EYE",CARANX LATUS,reef_fish_other,,FALSE,,"JACK, HORSE-EYE",extended
"JACK, YELLOW",CARANGOIDES BARTHOLOMAEI,reef_fish_other,,FALSE,,"JACK, YELLOW",extended
JACKS **,CARANGIDAE,reef_fish_other,,FALSE,,JACKS **,extended
"JAWFISH, DUSKY",OPISTOGNATHUS WHITEHURSTI,review,,FALSE,,"JAWFISH, DUSKY",review
LIONFISHES **,PTEROIS OKEN,review,,FALSE,,LIONFISHES **,review
"LOBSTER, SPANISH **",SCYLLARIDES,lobster,,TRUE,,"LOBSTER, SPANISH **",core
"MAJOR, SERGEANT",ABUDEFDUF SAXATILIS,review,,FALSE,,"MAJOR, SERGEANT",review
"MAT, GREEN SEA",ZOANTHUS SOCIATUS,review,,FALSE,,"MAT, GREEN SEA",review
MOJARRAS **,GERREIDAE,review,,FALSE,,MOJARRAS **,review
"MOONFISH, ATLANTIC",SELENE SETAPINNIS,review,,FALSE,,"MOONFISH, ATLANTIC",review
"OCTOPUS, ATLANTIC PYGMY",OCTOPUS JOUBINI,squid_octopus,,TRUE,,"OCTOPUS, ATLANTIC PYGMY",core
"OCTOPUS, CARIBBEAN REEF",OCTOPUS BRIAREUS,squid_octopus,,TRUE,,"OCTOPUS, CARIBBEAN REEF",core
OPHIDIIFORMES **,OPHIDIIFORMES,review,,FALSE,,OPHIDIIFORMES **,review
"OYSTER, ATLANTIC THORNY",SPONDYLUS AMERICANUS,oysters,,TRUE,,"OYSTER, ATLANTIC THORNY",core
"PARROTFISH, BLUE",SCARUS COERULEUS,review,,FALSE,,"PARROTFISH, BLUE",review
"PARROTFISH, PRINCESS",SCARUS TAENIOPTERUS,review,,FALSE,,"PARROTFISH, PRINCESS",review
"PARROTFISH, REDBAND",SPARISOMA AUROFRENATUM,review,,FALSE,,"PARROTFISH, REDBAND",review
"PARROTFISH, STOPLIGHT",SPARISOMA VIRIDE,review,,FALSE,,"PARROTFISH, STOPLIGHT",review
PARROTFISHES **,SCARIDAE,review,,FALSE,,PARROTFISHES **,review
"PERCH, SAND",DIPLECTRUM FORMOSUM,review,,FALSE,,"PERCH, SAND",review
PERIWINKLES,LITTORINIDAE,review,,FALSE,,PERIWINKLES,review
PERMIT,TRACHINOTUS FALCATUS,review,,FALSE,,PERMIT,review
"PINFISH, SPOTTAIL",DIPLODUS HOLBROOKII,reef_fish_other,,FALSE,,"PINFISH, SPOTTAIL",extended
"PIPEFISH, SARGASSUM",SYNGNATHUS PELAGICUS,review,,FALSE,,"PIPEFISH, SARGASSUM",review
"POLYCHAETE, FEATHER-DUSTERS **",SABELLIDAE,review,,FALSE,,"POLYCHAETE, FEATHER-DUSTERS **",review
"POLYCHAETE, HORNED CHRISTMAS-T",SPIROBRANCHUS GIGANTEUS,review,,FALSE,,"POLYCHAETE, HORNED CHRISTMAS-T",review
"POMFRET, BIGSCALE",TARACTICHTHYS LONGIPINNIS,review,,FALSE,,"POMFRET, BIGSCALE",review
"POMPANO, IRISH",DIAPTERUS AURATUS,reef_fish_other,,FALSE,,"POMPANO, IRISH",extended
PORCUPINEFISH,DIODON HYSTRIX,review,,FALSE,,PORCUPINEFISH,review
PORGIES **,SPARIDAE,review,,FALSE,,PORGIES **,review
"PORGY, GRASS",CALAMUS ARCTIFRONS,reef_fish_other,,FALSE,,"PORGY, GRASS",extended
"PORGY, JOLTHEAD",CALAMUS BAJONADO,reef_fish_other,,FALSE,,"PORGY, JOLTHEAD",extended
"PORGY, KNOBBED",CALAMUS NODOSUS,reef_fish_other,,FALSE,,"PORGY, KNOBBED",extended
"PORGY, LITTLEHEAD",CALAMUS PRORIDENS,reef_fish_other,,FALSE,,"PORGY, LITTLEHEAD",extended
PORKFISH,ANISOTREMUS VIRGINICUS,review,,FALSE,,PORKFISH,review
PUDDINGWIFE,HALICHOERES RADIATUS,review,,FALSE,,PUDDINGWIFE,review
"PUFFER, SHARPNOSE",CANTHIGASTER ROSTRATA,review,,FALSE,,"PUFFER, SHARPNOSE",review
"PUFFERS, TETRAODONTIDAE (FAMILY) **",TETRAODONTIDAE,review,,FALSE,,"PUFFERS, TETRAODONTIDAE (FAMILY) **",review
"REEFFISH, PURPLE",CHROMIS SCOTTI,review,,FALSE,,"REEFFISH, PURPLE",review
"ROSEFISH, BLACKBELLY",HELICOLENUS DACTYLOPTERUS,review,,FALSE,,"ROSEFISH, BLACKBELLY",review
"SARDINE, SCALED",HARENGULA JAGUANA,small_pelagics_other,,FALSE,,"SARDINE, SCALED",extended
"SARDINE, SPANISH",SARDINELLA AURITA,small_pelagics_other,,FALSE,,"SARDINE, SPANISH",extended
SARGASSUMFISH,HISTRIO HISTRIO,review,,FALSE,,SARGASSUMFISH,review
"SCAD, ROUND",DECAPTERUS PUNCTATUS,review,,FALSE,,"SCAD, ROUND",review
SCALLOPS **,PECTINIDAE,scallops,,TRUE,,SCALLOPS **,core
"SCORPIONFISH, REEF",SCORPAENODES CARIBBAEUS,other_groundfish,,TRUE,,"SCORPIONFISH, REEF",core
SEA HARES,APLYSIIDAE,review,,FALSE,,SEA HARES,review
"SEAHORSE, DWARF",HIPPOCAMPUS ZOSTERAE,review,,FALSE,,"SEAHORSE, DWARF",review
"SEAHORSE, LINED",HIPPOCAMPUS ERECTUS,review,,FALSE,,"SEAHORSE, LINED",review
"SEATROUT, SILVER",CYNOSCION NOTHUS,trout,,TRUE,,"SEATROUT, SILVER",core
"SEAWEED, BRYOPSIDALES **",BRYOPSIDALES,review,,FALSE,,"SEAWEED, BRYOPSIDALES **",review
"SEAWEED, CAULERPA **",CAULERPACEAE,review,,FALSE,,"SEAWEED, CAULERPA **",review
"SEAWEED, HALIMEDA **",HALIMEDA,review,,FALSE,,"SEAWEED, HALIMEDA **",review
"SEAWEED, MERMAIDS SHAVING BRUSH **",PENICILLUS,review,,FALSE,,"SEAWEED, MERMAIDS SHAVING BRUSH **",review
"SHARK, BLACKNOSE",CARCHARHINUS ACRONOTUS,sharks_rays_skates,,FALSE,,"SHARK, BLACKNOSE",extended
"SHARK, BONNETHEAD",SPHYRNA TIBURO,sharks_rays_skates,,FALSE,,"SHARK, BONNETHEAD",extended
"SHARK, SILKY",CARCHARHINUS FALCIFORMIS,sharks_rays_skates,,FALSE,,"SHARK, SILKY",extended
"SHRIMP, BANDED CORAL",STENOPUS HISPIDUS,shrimp,,TRUE,,"SHRIMP, BANDED CORAL",core
"SHRIMP, CLEANER",LYSMATA GRABHAMI,shrimp,,TRUE,,"SHRIMP, CLEANER",core
"SHRIMP, GOLDEN CORAL",STENOPUS,shrimp,,TRUE,,"SHRIMP, GOLDEN CORAL",core
"SHRIMP, MARINE **",DENDROBRANCHIATA,shrimp,,TRUE,,"SHRIMP, MARINE **",core
"SHRIMP, PEDERSON CLEANER",ANCYLOMENES PEDERSONI,shrimp,,TRUE,,"SHRIMP, PEDERSON CLEANER",core
"SHRIMP, PEPPERMINT",LYSMATA WURDEMANNI,shrimp,,TRUE,,"SHRIMP, PEPPERMINT",core
"SHRIMPS, BAIT **",PENAEUS,shrimp,,TRUE,,"SHRIMPS, BAIT **",core
"SHRIMPS, PENAEOID **",PENAEOIDEA,shrimp,,TRUE,,"SHRIMPS, PENAEOID **",core
"SHRIMPS, PISTOL OR SNAPPING **",ALPHEUS,shrimp,,TRUE,,"SHRIMPS, PISTOL OR SNAPPING **",core
"SLUG, LETTUCE",ELYSIA CRISPATA,review,,FALSE,,"SLUG, LETTUCE",review
"SNAIL, BRUISED NASSA",NASSARIUS VIBEX,review,,FALSE,,"SNAIL, BRUISED NASSA",review
SNAILS **,GASTROPODA,review,,FALSE,,SNAILS **,review
"SNAILS, CERITHIDEAN **",CERITHIDEA,review,,FALSE,,"SNAILS, CERITHIDEAN **",review
"SNAILS, NASSA **",NASSARIUS,review,,FALSE,,"SNAILS, NASSA **",review
"SNAILS, NERITES **",NERITIDAE,review,,FALSE,,"SNAILS, NERITES **",review
"SNAILS, TOPSNAIL **",TROCHIDAE,review,,FALSE,,"SNAILS, TOPSNAIL **",review
"SNAILS, TURBAN **",TURBINIDAE,review,,FALSE,,"SNAILS, TURBAN **",review
"SNAPPER, BLACKFIN",LUTJANUS BUCCANELLA,snapper_grouper,,TRUE,,"SNAPPER, BLACKFIN",core
"SNAPPER, CUBERA",LUTJANUS CYANOPTERUS,snapper_grouper,,TRUE,,"SNAPPER, CUBERA",core
"SNAPPER, MAHOGANY",LUTJANUS MAHOGONI,snapper_grouper,,TRUE,,"SNAPPER, MAHOGANY",core
"SNAPPER, MUTTON",LUTJANUS ANALIS,snapper_grouper,,TRUE,,"SNAPPER, MUTTON",core
"SNAPPER, QUEEN",ETELIS OCULATUS,snapper_grouper,,TRUE,,"SNAPPER, QUEEN",core
"SNAPPER, SILK",LUTJANUS VIVANUS,snapper_grouper,,TRUE,,"SNAPPER, SILK",core
"SNAPPER, YELLOWTAIL",OCYURUS CHRYSURUS,snapper_grouper,,TRUE,,"SNAPPER, YELLOWTAIL",core
"SNAPPERS, LUTJANIDAE (FAMILY) **",LUTJANIDAE,snapper_grouper,,TRUE,,"SNAPPERS, LUTJANIDAE (FAMILY) **",core
"SPADEFISH, ATLANTIC",CHAETODIPTERUS FABER,reef_fish_other,,FALSE,,"SPADEFISH, ATLANTIC",extended
"SPONGE, GRASS",SPONGIA GRAMINEA,review,,FALSE,,"SPONGE, GRASS",review
"SPONGE, RED BALL",HALICLONA COMPRESSA,review,,FALSE,,"SPONGE, RED BALL",review
"SPONGE, YELLOW",SPONGIA BARBARA,review,,FALSE,,"SPONGE, YELLOW",review
SPONGES **,PORIFERA,review,,FALSE,,SPONGES **,review
"SPONGES, DEMOSPONGIAE **",DEMOSPONGIAE,review,,FALSE,,"SPONGES, DEMOSPONGIAE **",review
"SPONGES, SHEEPSWOOL **",HIPPOSPONGIA,review,,FALSE,,"SPONGES, SHEEPSWOOL **",review
SQUIDS **,TEUTHIDA,squid_octopus,,TRUE,,SQUIDS **,core
SQUIRRELFISHES **,HOLOCENTRIDAE,review,,FALSE,,SQUIRRELFISHES **,review
"STAR, BASKET",ASTROPHYTON MURICATUM,review,,FALSE,,"STAR, BASKET",review
"STAR, BLACK BRITTLE",OPHIOCOMA ECHINATA,review,,FALSE,,"STAR, BLACK BRITTLE",review
"STAR, SCALY BRITTLE",OPHIODERMA SQUAMOSISSIMUM,review,,FALSE,,"STAR, SCALY BRITTLE",review
"STAR, SERPENT BRITTLE",OPHIODERMA BREVISPINUM,review,,FALSE,,"STAR, SERPENT BRITTLE",review
"STAR, SPINY SEA",ECHINASTER SENTUS,review,,FALSE,,"STAR, SPINY SEA",review
"STARS, BRITTLE **",OPHIUROIDEA,review,,FALSE,,"STARS, BRITTLE **",review
"STARS, OTHER SEA **",ASTEROIDEA,review,,FALSE,,"STARS, OTHER SEA **",review
"STINGRAY, YELLOW",UROBATIS JAMAICENSIS,sharks_rays_skates,,FALSE,,"STINGRAY, YELLOW",extended
"SURGEON, OCEAN",ACANTHURUS BAHIANUS,review,,FALSE,,"SURGEON, OCEAN",review
"SWEEPER, GLASSY",PEMPHERIS SCHOMBURGKII,review,,FALSE,,"SWEEPER, GLASSY",review
"TANG, BLUE",ACANTHURUS COERULEUS,review,,FALSE,,"TANG, BLUE",review
TILAPIAS **,TILAPIA,tilapia,,TRUE,,TILAPIAS **,core
"TILEFISH, BLUELINE",CAULOLATILUS MICROPS,reef_fish_other,,FALSE,,"TILEFISH, BLUELINE",extended
"TILEFISH, SAND",MALACANTHUS PLUMIERI,reef_fish_other,,FALSE,,"TILEFISH, SAND",extended
TOBACCOFISH,SERRANUS TABACARIUS,review,,FALSE,,TOBACCOFISH,review
"TRIGGERFISH, OCEAN",CANTHIDERMIS SUFFLAMEN,reef_fish_other,,FALSE,,"TRIGGERFISH, OCEAN",extended
"TUNICATES, SEA SQUIRTS **",ASCIDIACEA,review,,FALSE,,"TUNICATES, SEA SQUIRTS **",review
ULOTRICHALES **,ULOTRICHALES,review,,FALSE,,ULOTRICHALES **,review
"URCHIN, GREEN SEA, (L. VARIEGATUS)",LYTECHINUS VARIEGATUS,sea_cucumber_urchin_other_inverts,,FALSE,,"URCHIN, GREEN SEA, (L. VARIEGATUS)",extended
"URCHIN, ROCK BORING",ECHINOMETRA LUCUNTER,sea_cucumber_urchin_other_inverts,,FALSE,,"URCHIN, ROCK BORING",extended
"URCHIN, SLATE PENCIL",EUCIDARIS TRIBULOIDES,sea_cucumber_urchin_other_inverts,,FALSE,,"URCHIN, SLATE PENCIL",extended
"WRASSE, CLOWN",HALICHOERES MACULIPINNA,review,,FALSE,,"WRASSE, CLOWN",review
"WRASSE, OTHER **",LABRIDAE,review,,FALSE,,"WRASSE, OTHER **",review
"WRASSE, YELLOWHEAD",HALICHOERES GARNOTI,review,,FALSE,,"WRASSE, YELLOWHEAD",review
WRECKFISH,POLYPRION AMERICANUS,review,,FALSE,,WRECKFISH,review
"ANEMONE, OTHER **",ACTINIIDAE,exclude_misc_taxa,,FALSE,,"ANEMONE, OTHER **",exclude
"ANEMONE, RINGED",BARTHOLOMEA ANNULATA,exclude_misc_taxa,,FALSE,,"ANEMONE, RINGED",exclude
ANIMALIA **,ANIMALIA,review,,FALSE,,ANIMALIA **,review
"BASS, BANK SEA",CENTROPRISTIS OCYURUS,reef_fish_other,,FALSE,,"BASS, BANK SEA",extended
"BASS, CAVE",LIOPROPOMA MOWBRAYI,reef_fish_other,,FALSE,,"BASS, CAVE",extended
"BASS, CHALK",SERRANUS TORTUGARUM,reef_fish_other,,FALSE,,"BASS, CHALK",extended
"BASS, LANTERN",SERRANUS BALDWINI,reef_fish_other,,FALSE,,"BASS, LANTERN",extended
"BASS, LONGTAIL",HEMANTHIAS LEPTUS,reef_fish_other,,FALSE,,"BASS, LONGTAIL",extended
"BASS, PEPPERMINT",LIOPROPOMA RUBRE,reef_fish_other,,FALSE,,"BASS, PEPPERMINT",extended
"BASS, ROCK SEA",CENTROPRISTIS PHILADELPHICA,reef_fish_other,,FALSE,,"BASS, ROCK SEA",extended
"BASS, WRASSE",LIOPROPOMA EUKRINES,reef_fish_other,,FALSE,,"BASS, WRASSE",extended
"BASSES, MIXED SEA **",CENTROPRISTIS,review,,FALSE,,"BASSES, MIXED SEA **",review
"BASSLET, CANDY",LIOPROPOMA CARMABI,review,,FALSE,,"BASSLET, CANDY",review
"BASSLET, THREELINE",LIPOGRAMMA TRILINEATUM,eel_sturgeon_shad,,FALSE,,"BASSLET, THREELINE",extended
"BATFISH, OTHER **",HALIEUTICHTHYS,review,,FALSE,,"BATFISH, OTHER **",review
"BISCUITS, SEA **",CLYPEASTER,review,,FALSE,,"BISCUITS, SEA **",review
"BLENNY, BANDED",PARACLINUS FASCIATUS,exclude_misc_taxa,,FALSE,,"BLENNY, BANDED",exclude
"BLENNY, BARRED",HYPLEUROCHILUS BERMUDENSIS,exclude_misc_taxa,,FALSE,,"BLENNY, BARRED",exclude
"BLENNY, GLASS",EMBLEMARIOPSIS DIAPHANUS,exclude_misc_taxa,,FALSE,,"BLENNY, GLASS",exclude
"BLENNY, HAIRY",LABRISOMUS NUCHIPINNIS,exclude_misc_taxa,,FALSE,,"BLENNY, HAIRY",exclude
"BLENNY, MARBLED",PARACLINUS MARMORATUS,exclude_misc_taxa,,FALSE,,"BLENNY, MARBLED",exclude
"BLENNY, REDLIP",OPHIOBLENNIUS ATLANTICUS,exclude_misc_taxa,,FALSE,,"BLENNY, REDLIP",exclude
BOXFISHES **,OSTRACIIDAE,review,,FALSE,,BOXFISHES **,review
"BREAM, RED",BERYX DECADACTYLUS,review,,FALSE,,"BREAM, RED",review
"BROTULA, BLACK",STYGNOBROTULA,review,,FALSE,,"BROTULA, BLACK",review
"BROTULA, KEY",OGILBIA,review,,FALSE,,"BROTULA, KEY",review
BRYOZOA,BRYOZOA,review,,FALSE,,BRYOZOA,review
BURRFISHES,CHILOMYCTERUS SPP.,exclude_misc_taxa,,FALSE,,BURRFISHES,exclude
"BUTTERFLYFISH, BANDED",CHAETODON STRIATUS,exclude_misc_taxa,,FALSE,,"BUTTERFLYFISH, BANDED",exclude
"BUTTERFLYFISH, BANK",PROGNATHODES AYA,exclude_misc_taxa,,FALSE,,"BUTTERFLYFISH, BANK",exclude
"BUTTERFLYFISH, FRENCH",PROGNATHODES,exclude_misc_taxa,,FALSE,,"BUTTERFLYFISH, FRENCH",exclude
"BUTTERFLYFISH, LONGSNOUT",PROGNATHODES ACULEATUS,exclude_misc_taxa,,FALSE,,"BUTTERFLYFISH, LONGSNOUT",exclude
"CARDINALFISH, TWOSPOT",APOGON PSEUDOMACULATUS,misc_marine_fish_other,,FALSE,,"CARDINALFISH, TWOSPOT",extended
CARDINALFISHES **,APOGONIDAE,review,,FALSE,,CARDINALFISHES **,review
"CLAM, VENUS, SUNRAY",MACROCALLISTA NIMBOSA,clams,,TRUE,,"CLAM, VENUS, SUNRAY",core
"CLAMS, PENSHELL **",PINNIDAE,clams,,TRUE,,"CLAMS, PENSHELL **",core
CLINGFISHES **,GOBIESOCIDAE,review,,FALSE,,CLINGFISHES **,review
"CONCH, CROWN",MELONGENA CORONA,other_shellfish_specialty,,FALSE,,"CONCH, CROWN",extended
"CONCH, MILK",STROMBUS COSTATUS,other_shellfish_specialty,,FALSE,,"CONCH, MILK",extended
COTTONWICK,HAEMULON MELANURUM,review,,FALSE,,COTTONWICK,review
"COWFISH, HONEYCOMBED",ACANTHOSTRACION POLYGONIUS,review,,FALSE,,"COWFISH, HONEYCOMBED",review
"COWFISH, SCRAWLED",ACANTHOSTRACION QUADRICORNIS,review,,FALSE,,"COWFISH, SCRAWLED",review
"COWRIE, ATLANTIC GRAY",TALPARIA CINEREA,exclude_misc_taxa,,FALSE,,"COWRIE, ATLANTIC GRAY",exclude
"CRAB, BLUE LAND",CARDISOMA GUANHUMI,crab,,TRUE,,"CRAB, BLUE LAND",core
"CRAB, FALSE ARROW",METOPORHAPHIS CALCARATA,crab,,TRUE,,"CRAB, FALSE ARROW",core
"CRAB, HERMIT, STAREYE",DARDANUS,crab,,TRUE,,"CRAB, HERMIT, STAREYE",core
"CRAB, REDFINGER RUBBLE",ERIPHIA GONAGRA,crab,,TRUE,,"CRAB, REDFINGER RUBBLE",core
"CRABS, BOX **",CALAPPIDAE,crab,,TRUE,,"CRABS, BOX **",core
"CRABS, CORAL SPIDER **",MITHRAX,crab,,TRUE,,"CRABS, CORAL SPIDER **",core
"CRABS, LIBINIA **",LIBINIA,crab,,TRUE,,"CRABS, LIBINIA **",core
"CRABS, MAJOIDEA **",MAJOIDEA,crab,,TRUE,,"CRABS, MAJOIDEA **",core
"CRABS, MITHRACULUS **",MITHRACULUS,crab,,TRUE,,"CRABS, MITHRACULUS **",core
CUBBYU,PAREQUES UMBROSUS,review,,FALSE,,CUBBYU,review
"CUCUMBERS, OTHER SEA **",HOLOTHURIIDAE,sea_cucumber_urchin_other_inverts,,FALSE,,"CUCUMBERS, OTHER SEA **",extended
"DAMSELFISH, LONGFIN",STEGASTES DIENCAEUS,exclude_misc_taxa,,FALSE,,"DAMSELFISH, LONGFIN",exclude
DAMSELFISHES **,POMACENTRIDAE,exclude_misc_taxa,,FALSE,,DAMSELFISHES **,exclude
"DICK, SLIPPERY",HALICHOERES BIVITTATUS,review,,FALSE,,"DICK, SLIPPERY",review
"DOLLAR, NOTCHED SAND",ENCOPE EMARGINATA,review,,FALSE,,"DOLLAR, NOTCHED SAND",review
"DOLLAR, SAND",CLYPEASTER SUBDEPRESSUS,review,,FALSE,,"DOLLAR, SAND",review
"DOLLARS, KEYHOLE SAND **",MELLITA,review,,FALSE,,"DOLLARS, KEYHOLE SAND **",review
"DOLLARS, OTHER SAND **",MELLITIDAE,review,,FALSE,,"DOLLARS, OTHER SAND **",review
"DOLLARS, SIX-HOLED KEYHOLE SAND **",LEODIA,review,,FALSE,,"DOLLARS, SIX-HOLED KEYHOLE SAND **",review
"DORIS, FLORIDA REGAL",HYPSELODORIS EDENTICULATA,review,,FALSE,,"DORIS, FLORIDA REGAL",review
"DRUM, SPOTTED",EQUETUS PUNCTATUS,misc_marine_fish_other,,FALSE,,"DRUM, SPOTTED",extended
"DURGON, BLACK",MELICHTHYS NIGER,review,,FALSE,,"DURGON, BLACK",review
"EEL, MORAY, BLACKEDGE",GYMNOTHORAX NIGROMARGINATUS,eel_sturgeon_shad,,FALSE,,"EEL, MORAY, BLACKEDGE",extended
"EEL, MORAY, GREEN",GYMNOTHORAX FUNEBRIS,eel_sturgeon_shad,,FALSE,,"EEL, MORAY, GREEN",extended
"EELS, MORAY **",MURAENIDAE,eel_sturgeon_shad,,FALSE,,"EELS, MORAY **",extended
"FILEFISH, PLANEHEAD",STEPHANOLEPIS HISPIDUS,review,,FALSE,,"FILEFISH, PLANEHEAD",review
"FILEFISH, PYGMY",STEPHANOLEPIS SETIFER,review,,FALSE,,"FILEFISH, PYGMY",review
"FILEFISH, SCRAWLED",ALUTERUS SCRIPTUS,review,,FALSE,,"FILEFISH, SCRAWLED",review
FORAMS **,FORAMINIFERIDA,review,,FALSE,,FORAMS **,review
"FROGFISH, OCELLATED",ANTENNARIUS OCELLATUS,review,,FALSE,,"FROGFISH, OCELLATED",review
"GOATFISH, SPOTTED",PSEUDUPENEUS MACULATUS,misc_marine_fish_other,,FALSE,,"GOATFISH, SPOTTED",extended
"GOATFISH, YELLOW",MULLOIDICHTHYS MARTINICUS,review,,FALSE,,"GOATFISH, YELLOW",review
GOATFISHES **,MULLIDAE,review,,FALSE,,GOATFISHES **,review
"GOBY, TIGER",ELACATINUS MACRODON,review,,FALSE,,"GOBY, TIGER",review
"GROUPER, CONEY",CEPHALOPHOLIS FULVA,snapper_grouper,,TRUE,,"GROUPER, CONEY",core
"GROUPER, MARBLED",DERMATOLEPIS INERMIS,snapper_grouper,,TRUE,,"GROUPER, MARBLED",core
"GROUPER, MISTY",EPINEPHELUS MYSTACINUS,snapper_grouper,,TRUE,,"GROUPER, MISTY",core
"GROUPER, YELLOWFIN",MYCTEROPERCA VENENOSA,snapper_grouper,,TRUE,,"GROUPER, YELLOWFIN",core
"GROUPER, YELLOWMOUTH",MYCTEROPERCA INTERSTITIALIS,snapper_grouper,,TRUE,,"GROUPER, YELLOWMOUTH",core
"HARVESTFISH, NORTHERN",PEPRILUS PARU,review,,FALSE,,"HARVESTFISH, NORTHERN",review
"HAWKFISH, REDSPOTTED",AMBLYCIRRHITUS PINOS,misc_marine_fish_other,,FALSE,,"HAWKFISH, REDSPOTTED",extended
HERRINGS **,CLUPEIDAE,herring,,TRUE,,HERRINGS **,core
JACKKNIFE-FISH,EQUETUS LANCEOLATUS,review,,FALSE,,JACKKNIFE-FISH,review
"JAWFISH, YELLOWHEAD",OPISTOGNATHUS AURIFRONS,review,,FALSE,,"JAWFISH, YELLOWHEAD",review
JAWFISHES **,OPISTOGNATHIDAE,review,,FALSE,,JAWFISHES **,review
"JAWFISHES, SPOTFIN **",OPISTOGNATHUS,misc_marine_fish_other,,FALSE,,"JAWFISHES, SPOTFIN **",extended
"JELLYFISHES, SCYPHOZOA (CLASS) **",SCYPHOZOA,review,,FALSE,,"JELLYFISHES, SCYPHOZOA (CLASS) **",review
"JELLYFISHES, STOMOLOPHUS (GENUS) **",STOMOLOPHUS,review,,FALSE,,"JELLYFISHES, STOMOLOPHUS (GENUS) **",review
"LIZARDFISH, INSHORE",SYNODUS FOETENS,review,,FALSE,,"LIZARDFISH, INSHORE",review
"LIZARDFISHES, SYNODONTIDAE (FAMILY) **",SYNODONTIDAE,review,,FALSE,,"LIZARDFISHES, SYNODONTIDAE (FAMILY) **",review
"LOBSTER, SPOTTED SPINY",PANULIRUS GUTTATUS,lobster,,TRUE,,"LOBSTER, SPOTTED SPINY",core
"MARGATE, BLACK",ANISOTREMUS SURINAMENSIS,review,,FALSE,,"MARGATE, BLACK",review
NUDIBRANCHS **,NUDIBRANCHIA,review,,FALSE,,NUDIBRANCHS **,review
"OCTOPUS, ATLANTIC WHITE-SPOTTED",OCTOPUS MACROPUS,squid_octopus,,TRUE,,"OCTOPUS, ATLANTIC WHITE-SPOTTED",core
"OCTOPUS, COMMON",OCTOPUS VULGARIS,squid_octopus,,TRUE,,"OCTOPUS, COMMON",core
"PARROTFISH, MIDNIGHT",SCARUS COELESTINUS,review,,FALSE,,"PARROTFISH, MIDNIGHT",review
"PARROTFISH, QUEEN",SCARUS VETULA,review,,FALSE,,"PARROTFISH, QUEEN",review
"PARROTFISH, RAINBOW",SCARUS GUACAMAIA,review,,FALSE,,"PARROTFISH, RAINBOW",review
"PARROTFISH, STRIPED",SCARUS ISERI,review,,FALSE,,"PARROTFISH, STRIPED",review
"PENS/PANSIES, SEA **",PENNATULACEA,review,,FALSE,,"PENS/PANSIES, SEA **",review
"PERCH, DWARF SAND",DIPLECTRUM BIVITTATUM,review,,FALSE,,"PERCH, DWARF SAND",review
"PIPEFISHES, SYNGNATHINAE (SUBFAMILY) **",SYNGNATHINAE,review,,FALSE,,"PIPEFISHES, SYNGNATHINAE (SUBFAMILY) **",review
"POLYCHAETE, FANWORMS **",SERPULIDAE,review,,FALSE,,"POLYCHAETE, FANWORMS **",review
"POLYCHAETES, MARINE WORMS **",POLYCHAETA,review,,FALSE,,"POLYCHAETES, MARINE WORMS **",review
"PORGY, LONGSPINE",STENOTOMUS CAPRINUS,reef_fish_other,,FALSE,,"PORGY, LONGSPINE",extended
"PUFFER, SOUTHERN",SPHOEROIDES NEPHELUS,review,,FALSE,,"PUFFER, SOUTHERN",review
"RAY, LESSER ELECTRIC",NARCINE BRASILIENSIS,review,,FALSE,,"RAY, LESSER ELECTRIC",review
RAYS **,RAJIFORMES,review,,FALSE,,RAYS **,review
"RAYS, BUTTERFLY **",GYMNURA,review,,FALSE,,"RAYS, BUTTERFLY **",review
RAZORFISHES **,XYRICHTYS,review,,FALSE,,RAZORFISHES **,review
"REMORAS, OTHER **",ECHENEIDAE,review,,FALSE,,"REMORAS, OTHER **",review
"SANDFISH, BELTED",SERRANUS SUBLIGARIUS,review,,FALSE,,"SANDFISH, BELTED",review
"SCALLOP, LIONS-PAW",NODIPECTEN NODOSUS,scallops,,TRUE,,"SCALLOP, LIONS-PAW",core
SCHOOLMASTER,LUTJANUS APODUS,review,,FALSE,,SCHOOLMASTER,review
SEAHORSES **,HIPPOCAMPUS SPP.,review,,FALSE,,SEAHORSES **,review
"SHARK, LEMON",NEGAPRION BREVIROSTRIS,sharks_rays_skates,,FALSE,,"SHARK, LEMON",extended
SHARKSUCKER,ECHENEIS NAUCRATES,sharks_rays_skates,,FALSE,,SHARKSUCKER,extended
"SHRIMP, SPOTTED CLEANER",PERICLIMENES YUCATANICUS,shrimp,,TRUE,,"SHRIMP, SPOTTED CLEANER",core
"SNAIL, CHESTNUT TURBAN",TURBO CASTANEA,review,,FALSE,,"SNAIL, CHESTNUT TURBAN",review
"SNAIL, FLAMINGO TONGUE",CYPHOMA GIBBOSUM,review,,FALSE,,"SNAIL, FLAMINGO TONGUE",review
"SNAIL, TRUE TULIP",FASCIOLARIA TULIPA,review,,FALSE,,"SNAIL, TRUE TULIP",review
SNAILS (CAENOGASTROPODA),CAENOGASTROPODA,review,,FALSE,,SNAILS (CAENOGASTROPODA),review
"SNAILS, CONE **",CONUS,review,,FALSE,,"SNAILS, CONE **",review
"SNAILS, HELMET **",CASSIS,review,,FALSE,,"SNAILS, HELMET **",review
"SNAILS, MARGINELLA **",MARGINELLIDAE,review,,FALSE,,"SNAILS, MARGINELLA **",review
"SNAILS, MOON **",NATICIDAE,review,,FALSE,,"SNAILS, MOON **",review
"SNAILS, MUREX **",MURICIDAE,review,,FALSE,,"SNAILS, MUREX **",review
"SNAILS, OLIVE **",OLIVIDAE,review,,FALSE,,"SNAILS, OLIVE **",review
"SNAILS, TRITON **",RANELLIDAE,review,,FALSE,,"SNAILS, TRITON **",review
"SNAILS, TURBONELLA **",TURBINELLIDAE,review,,FALSE,,"SNAILS, TURBONELLA **",review
"SNAPPER, CARIBBEAN RED",LUTJANUS PURPUREUS,snapper_grouper,,TRUE,,"SNAPPER, CARIBBEAN RED",core
"SNAPPER, GLASSEYE",HETEROPRIACANTHUS CRUENTATUS,snapper_grouper,,TRUE,,"SNAPPER, GLASSEYE",core
"SOLDIERFISH, BLACKBAR",MYRIPRISTIS JACOBUS,review,,FALSE,,"SOLDIERFISH, BLACKBAR",review
"SOLES, NAKED AND FRINGED **",GYMNACHIRUS,flatfish,,TRUE,,"SOLES, NAKED AND FRINGED **",core
"SQUIRRELFISH, REEF",SARGOCENTRON CORUSCUM,review,,FALSE,,"SQUIRRELFISH, REEF",review
STARGAZERS **,URANOSCOPIDAE,review,,FALSE,,STARGAZERS **,review
"STINGRAY, SOUTHERN",DASYATIS AMERICANA,sharks_rays_skates,,FALSE,,"STINGRAY, SOUTHERN",extended
SUNSHINEFISH,CHROMIS INSOLATA,review,,FALSE,,SUNSHINEFISH,review
SURGEONFISHES **,ACANTHURIDAE,review,,FALSE,,SURGEONFISHES **,review
"TILEFISH, ANCHOR",CAULOLATILUS INTERMEDIUS,reef_fish_other,,FALSE,,"TILEFISH, ANCHOR",extended
"TILEFISH, BLACKLINE",CAULOLATILUS CYANOPS,reef_fish_other,,FALSE,,"TILEFISH, BLACKLINE",extended
"TILEFISH, GOLDFACE",CAULOLATILUS CHRYSOPS,reef_fish_other,,FALSE,,"TILEFISH, GOLDFACE",extended
"TOADFISHES, BATRACHOIDIDAE (FAMILY) **",BATRACHOIDIDAE,review,,FALSE,,"TOADFISHES, BATRACHOIDIDAE (FAMILY) **",review
TOMTATE,HAEMULON AUROLINEATUM,review,,FALSE,,TOMTATE,review
"TRIGGERFISH, QUEEN",BALISTES VETULA,reef_fish_other,,FALSE,,"TRIGGERFISH, QUEEN",extended
TRUMPETFISH,AULOSTOMUS MACULATUS,review,,FALSE,,TRUMPETFISH,review
"TRUNKFISH, SPOTTED",LACTOPHRYS BICAUDALIS,misc_marine_fish_other,,FALSE,,"TRUNKFISH, SPOTTED",extended
"TRUNKFISHES, THREE-ANGLED **",LACTOPHRYS SPP.,review,,FALSE,,"TRUNKFISHES, THREE-ANGLED **",review
"URCHIN, PURPLE-SPINED SEA",ARBACIA,sea_cucumber_urchin_other_inverts,,FALSE,,"URCHIN, PURPLE-SPINED SEA",extended
"URCHINS, SEA, ECHINOIDEA (CLASS) **",ECHINOIDEA,sea_cucumber_urchin_other_inverts,,FALSE,,"URCHINS, SEA, ECHINOIDEA (CLASS) **",extended
WENCHMAN,PRISTIPOMOIDES AQUILONARIS,review,,FALSE,,WENCHMAN,review
"WHELK, LIGHTNING",BUSYCON SINISTRUM,other_shellfish_specialty,,FALSE,,"WHELK, LIGHTNING",extended
"WRASSE, BLACKEAR",HALICHOERES POEYI,review,,FALSE,,"WRASSE, BLACKEAR",review
"WRASSE, CREOLE",CLEPTICUS PARRAE,review,,FALSE,,"WRASSE, CREOLE",review
AMBERJACKS **,SERIOLA,reef_fish_other,,FALSE,,AMBERJACKS **,extended
"CLAMS, QUAHOG, MERCENARIA **",MERCENARIA,clams,,TRUE,,"CLAMS, QUAHOG, MERCENARIA **",core
"JELLYFISH, CANNONBALL",STOMOLOPHUS MELEAGRIS,review,,FALSE,,"JELLYFISH, CANNONBALL",review
TILEFISHES **,MALACANTHIDAE,reef_fish_other,,FALSE,,TILEFISHES **,extended
"BARRACUDA, HELLERS",SPHYRAENA HELLERI,misc_marine_fish_other,,FALSE,,"BARRACUDA, HELLERS",extended
BLACKTIPPED SOLDIERFISH,MYRIPRISTIS MURDJAN,review,,FALSE,,BLACKTIPPED SOLDIERFISH,review
BIGFIN REEF SQUID,SEPIOTEUTHIS LESSONIANA FÉRUSSAC,squid_octopus,,TRUE,,BIGFIN REEF SQUID,core
"EMPEROR, BIGEYE",MONOTAXIS GRANDOCULIS,reef_fish_other,,FALSE,,"EMPEROR, BIGEYE",extended
"FILEFISH, UNICORN",ALUTERUS MONOCEROS,review,,FALSE,,"FILEFISH, UNICORN",review
"GOATFISH, BLUE",PARUPENEUS CYCLOSTOMUS,review,,FALSE,,"GOATFISH, BLUE",review
"GOATFISH, MANYBAR",PARUPENEUS MULTIFASCIATUS,review,,FALSE,,"GOATFISH, MANYBAR",review
"GOATFISH, PARUP INSULARIS",PARUPENEUS INSULARIS,review,,FALSE,,"GOATFISH, PARUP INSULARIS",review
"GOATFISH, ROSY",MULLOIDICHTHYS PFLUEGERI,review,,FALSE,,"GOATFISH, ROSY",review
"GOATFISH, WHITESADDLE",PARUPENEUS PORPHYREUS,review,,FALSE,,"GOATFISH, WHITESADDLE",review
"GOATFISH, YELLOWFIN",MULLOIDICHTHYS VANICOLENSIS,review,,FALSE,,"GOATFISH, YELLOWFIN",review
"GOATFISH, YELLOWSTRIPE",MULLOIDICHTHYS FLAVOLINEATUS,review,,FALSE,,"GOATFISH, YELLOWSTRIPE",review
"GROUPER, HAWAIIAN",EPINEPHELUS QUERNUS,snapper_grouper,,TRUE,,"GROUPER, HAWAIIAN",core
"GROUPER, PEACOCK",CEPHALOPHOLIS ARGUS,snapper_grouper,,TRUE,,"GROUPER, PEACOCK",core
"HAWKFISH, STOCKY",CIRRHITUS PINNULATUS,review,,FALSE,,"HAWKFISH, STOCKY",review
"HOGFISH, HAWAIIAN",BODIANUS BILUNULATUS,review,,FALSE,,"HOGFISH, HAWAIIAN",review
"JACK, ISLAND",CARANGOIDES ORTHOGRAMMUS,reef_fish_other,,FALSE,,"JACK, ISLAND",extended
"JOBFISH, GREEN /UKU",APRION VIRESCENS,review,,FALSE,,"JOBFISH, GREEN /UKU",review
"LEATHERSKIN, LARGEMOUTHED",SCOMBEROIDES LYSAN,review,,FALSE,,"LEATHERSKIN, LARGEMOUTHED",review
"LOBSTER, BANDED SPINY",PANULIRUS MARGINATUS,lobster,,TRUE,,"LOBSTER, BANDED SPINY",core
"MARLIN, BLACK",ISTIOMPAX INDICA,review,,FALSE,,"MARLIN, BLACK",review
"MARLIN, BLUE",MAKAIRA MAZARA,review,,FALSE,,"MARLIN, BLUE",review
"MARLIN, STRIPED",KAJIKIA AUDAX,review,,FALSE,,"MARLIN, STRIPED",review
MILKFISH,CHANOS CHANOS,review,,FALSE,,MILKFISH,review
NEEDLEFISHES **,BELONIDAE,review,,FALSE,,NEEDLEFISHES **,review
"PARROTFISH, STAREYE",CALOTOMUS CAROLINUS,review,,FALSE,,"PARROTFISH, STAREYE",review
"RED SNAPPER, LONGTAILED",ETELIS CORUSCANS,snapper_grouper,,TRUE,,"RED SNAPPER, LONGTAILED",core
RUDDERFISHES **,KYPHOSUS,reef_fish_other,,FALSE,,RUDDERFISHES **,extended
SAILFISH,ISTIOPHORUS PLATYPTERUS,review,,FALSE,,SAILFISH,review
"SCAD, MACKEREL",DECAPTERUS MACARELLUS,mackerel,,TRUE,,"SCAD, MACKEREL",core
"SCORPIONFISH, LARGE HEADED",PONTINUS MACROCEPHALUS,other_groundfish,,TRUE,,"SCORPIONFISH, LARGE HEADED",core
SEAWEED,PHAEOPHYTA,review,,FALSE,,SEAWEED,review
"SERGEANT, HAWAIIAN",ABUDEFDUF ABDOMINALIS,review,,FALSE,,"SERGEANT, HAWAIIAN",review
"SNAILS, CONE (CONIDAE)",CONIDAE,review,,FALSE,,"SNAILS, CONE (CONIDAE)",review
"SNAPPER, BINGHAMS",PRISTIPOMOIDES ZONATUS,snapper_grouper,,TRUE,,"SNAPPER, BINGHAMS",core
"SNAPPER, BLACKTAIL",LUTJANUS FULVUS,snapper_grouper,,TRUE,,"SNAPPER, BLACKTAIL",core
"SNAPPER, BLUESTRIPE",LUTJANUS KASMIRA,snapper_grouper,,TRUE,,"SNAPPER, BLUESTRIPE",core
"SNAPPER, IRONJAW",APHAREUS RUTILANS,snapper_grouper,,TRUE,,"SNAPPER, IRONJAW",core
"SNAPPER, PINK",PRISTIPOMOIDES FILAMENTOSUS,snapper_grouper,,TRUE,,"SNAPPER, PINK",core
"SNAPPER, RUBY",ETELIS CARBUNCULUS,snapper_grouper,,TRUE,,"SNAPPER, RUBY",core
"SNAPPER, VON SIEBOLDS",PRISTIPOMOIDES SIEBOLDII,snapper_grouper,,TRUE,,"SNAPPER, VON SIEBOLDS",core
"SPEARFISH, SHORTBILL",TETRAPTURUS ANGUSTIROSTRIS,review,,FALSE,,"SPEARFISH, SHORTBILL",review
"SQUIRRELFISH, STRIPED",SARGOCENTRON XANTHERYTHRUM,review,,FALSE,,"SQUIRRELFISH, STRIPED",review
"SURGEONFISH, EYESTRIPED",ACANTHURUS DUSSUMIERI,review,,FALSE,,"SURGEONFISH, EYESTRIPED",review
"SURGEONFISH, GOLDRING",CTENOCHAETUS STRIGOSUS,review,,FALSE,,"SURGEONFISH, GOLDRING",review
"SURGEONFISH, ORANGEBAND",ACANTHURUS OLIVACEUS,review,,FALSE,,"SURGEONFISH, ORANGEBAND",review
"SURGEONFISH, RINGTAI",ACANTHURUS BLOCHII,review,,FALSE,,"SURGEONFISH, RINGTAI",review
SURGEONFISHES,NASO SPP.,review,,FALSE,,SURGEONFISHES,review
"TANG, CONVICT",ACANTHURUS SANDVICENSIS,review,,FALSE,,"TANG, CONVICT",review
"TENPOUNDER, HAWAIIAN",ELOPS HAWAIENSIS,review,,FALSE,,"TENPOUNDER, HAWAIIAN",review
"THREADFIN, SIX-FINGERED",POLYDACTYLUS SEXFILIS,review,,FALSE,,"THREADFIN, SIX-FINGERED",review
"TREVALLY, BIGEYE",CARANX SEXFASCIATUS,reef_fish_other,,FALSE,,"TREVALLY, BIGEYE",extended
"TREVALLY, BLUEFIN",CARANX MELAMPYGUS,review,,FALSE,,"TREVALLY, BLUEFIN",review
"TREVALLY, GIANT",CARANX IGNOBILIS,review,,FALSE,,"TREVALLY, GIANT",review
"TUNA, KAWAKAWA",EUTHYNNUS AFFINIS,tuna,,TRUE,,"TUNA, KAWAKAWA",core
"UNICORN FISH, ORANGESPINE",NASO LITURATUS,review,,FALSE,,"UNICORN FISH, ORANGESPINE",review
"UNICORNFISH, SLEEK",NASO HEXACANTHUS,review,,FALSE,,"UNICORNFISH, SLEEK",review
WITHHELD FOR CONFIDENTIALITY,"",withheld_confidentiality,,FALSE,,WITHHELD FOR CONFIDENTIALITY,exclude
AMPHIBIANS **,AMPHIBIA,review,,FALSE,,AMPHIBIANS **,review
AMPHIUMAS **,AMPHIUMA,review,,FALSE,,AMPHIUMAS **,review
"ANOLE, GREEN",ANOLIS CAROLINENSIS,review,,FALSE,,"ANOLE, GREEN",review
BOWFIN,AMIA CALVA,review,,FALSE,,BOWFIN,review
"BROTULA, BEARDED",BROTULA BARBATA,review,,FALSE,,"BROTULA, BEARDED",review
BULLHEADS **,AMEIURUS,inland_freshwater_other,,FALSE,,BULLHEADS **,extended
"CARP, BIGHEAD",HYPOPHTHALMICHTHYS NOBILIS,inland_freshwater_other,,FALSE,,"CARP, BIGHEAD",extended
"CARP, GRASS",CTENOPHARYNGODON IDELLA,inland_freshwater_other,,FALSE,,"CARP, GRASS",extended
"CARP, SILVER",HYPOPHTHALMICHTHYS MOLITRIX,inland_freshwater_other,,FALSE,,"CARP, SILVER",extended
"CATFISH, FLATHEAD",PYLODICTIS OLIVARIS,catfish_other,,FALSE,,"CATFISH, FLATHEAD",extended
"CATFISH, HARDHEAD",ARIOPSIS FELIS,catfish_other,,FALSE,,"CATFISH, HARDHEAD",extended
CREOLE-FISH,PARANTHIAS FURCIFER,review,,FALSE,,CREOLE-FISH,review
"DRIFTFISH, BLACK",HYPEROGLYPHE BYTHITES,review,,FALSE,,"DRIFTFISH, BLACK",review
"DRUM, BLACKBAR",PAREQUES IWAMOTOI,misc_marine_fish_other,,FALSE,,"DRUM, BLACKBAR",extended
"FLAG, SPANISH",GONIOPLECTRUS HISPANUS,review,,FALSE,,"FLAG, SPANISH",review
"FLOUNDERS, PARALICHTHYS **",PARALICHTHYS,flatfish,,TRUE,,"FLOUNDERS, PARALICHTHYS **",core
"FROG, PIG",LITHOBATES GRYLIO,review,,FALSE,,"FROG, PIG",review
"GAR, ALLIGATOR",LEPISOSTEUS SPATULA,review,,FALSE,,"GAR, ALLIGATOR",review
"GAR, LONGNOSE",LEPISOSTEUS OSSEUS,review,,FALSE,,"GAR, LONGNOSE",review
"GAR, SHORTNOSE",LEPISOSTEUS PLATOSTOMUS,review,,FALSE,,"GAR, SHORTNOSE",review
"GAR, SPOTTED",LEPISOSTEUS OCULATUS,misc_marine_fish_other,,FALSE,,"GAR, SPOTTED",extended
"JACK, BLACK",CARANX LUGUBRIS,reef_fish_other,,FALSE,,"JACK, BLACK",extended
MINNOWS **,CYPRINIDAE,review,,FALSE,,MINNOWS **,review
PILOTFISH,NAUCRATES DUCTOR,review,,FALSE,,PILOTFISH,review
POMFRETS **,BRAMA,reef_fish_other,,FALSE,,POMFRETS **,extended
PROCAMBARUS (CRAYFISHES) **,PROCAMBARUS,review,,FALSE,,PROCAMBARUS (CRAYFISHES) **,review
REPTILES **,REPTILIA,review,,FALSE,,REPTILES **,review
"SCORPIONFISH, SPINYCHEEK",NEOMERINTHE HEMINGWAYI,other_groundfish,,TRUE,,"SCORPIONFISH, SPINYCHEEK",core
SEATROUTS **,CYNOSCION,trout,,TRUE,,SEATROUTS **,core
"SHARK, HAMMERHEAD, SMOOTH",SPHYRNA ZYGAENA,sharks_rays_skates,,FALSE,,"SHARK, HAMMERHEAD, SMOOTH",extended
"SHRIMP, ATLANIC SEABOB",XIPHOPENAEUS KROYERI,shrimp,,TRUE,,"SHRIMP, ATLANIC SEABOB",core
"SHRIMP, OHIO RIVER",MACROBRACHIUM OHIONE,shrimp,,TRUE,,"SHRIMP, OHIO RIVER",core
SLIDER,TRACHEMYS SCRIPTA,review,,FALSE,,SLIDER,review
"SNAKE, BLACK RAT",PANTHEROPHIS OBSOLETUS,review,,FALSE,,"SNAKE, BLACK RAT",review
"SNAKE, DIAMONDBACK WATER",NERODIA RHOMBIFER,review,,FALSE,,"SNAKE, DIAMONDBACK WATER",review
"SNAKE, ROUGH GREEN",OPHEODRYS AESTIVUS,review,,FALSE,,"SNAKE, ROUGH GREEN",review
"SNAKE, SOUTHERN WATER",NERODIA FASCIATA,review,,FALSE,,"SNAKE, SOUTHERN WATER",review
"SNAKE, WATER, PLAIN-BELLIED",NERODIA ERYTHROGASTER,review,,FALSE,,"SNAKE, WATER, PLAIN-BELLIED",review
"SNAKES, GARTER (RIBBON) **",THAMNOPHIS,review,,FALSE,,"SNAKES, GARTER (RIBBON) **",review
"SNAPPER, BLACK",APSILUS DENTATUS,snapper_grouper,,TRUE,,"SNAPPER, BLACK",core
"TURTLE, COMMON MUSK",STERNOTHERUS ODORATUS,review,,FALSE,,"TURTLE, COMMON MUSK",review
"TURTLE, PAINTED",CHRYSEMYS PICTA,review,,FALSE,,"TURTLE, PAINTED",review
"TURTLES, NORTH AMERICAN SOFTSHELL **",APALONE,review,,FALSE,,"TURTLES, NORTH AMERICAN SOFTSHELL **",review
"TURTLES, SNAPPING",CHELYDRA SERPENTINA,review,,FALSE,,"TURTLES, SNAPPING",review
"","",review,,FALSE,,"",review
ALEWIFE,ALOSA PSEUDOHARENGUS,review,,FALSE,,ALEWIFE,review
"CLAM, QUAHOG, OCEAN",ARCTICA ISLANDICA,clams,,TRUE,,"CLAM, QUAHOG, OCEAN",core
"CLAM, RAZOR, ATLANTIC",ENSIS DIRECTUS,clams,,TRUE,,"CLAM, RAZOR, ATLANTIC",core
"CLAM, SOFT",MYA ARENARIA,clams,,TRUE,,"CLAM, SOFT",core
"CRABS, SPIDER **",MAJIDAE,crab,,TRUE,,"CRABS, SPIDER **",core
CUSK,BROSME BROSME,review,,FALSE,,CUSK,review
"MUSSEL, SEA",MYTILUS EDULIS,mussels,,TRUE,,"MUSSEL, SEA",core
"OYSTER, EDIBLE",OSTREA EDULIS,oysters,,TRUE,,"OYSTER, EDIBLE",core
"POLYCHAETE, BLOODWORMS",GLYCERA DIBRANCHIATA,review,,FALSE,,"POLYCHAETE, BLOODWORMS",review
"POLYCHAETE, SANDWORMS **",NEREIS,review,,FALSE,,"POLYCHAETE, SANDWORMS **",review
"SALMON, ATLANTIC",SALMO SALAR,salmon,,TRUE,,"SALMON, ATLANTIC",core
"SCALLOP, BAY",ARGOPECTEN IRRADIANS,scallops,,TRUE,,"SCALLOP, BAY",core
SEAWEED **,PHAEOPHYTA,review,,FALSE,,SEAWEED **,review
"SEAWEED, BLADDER WRACK",FUCUS VESICULOSUS,review,,FALSE,,"SEAWEED, BLADDER WRACK",review
"SEAWEED, DULSE",PALMARIA PALMATA,review,,FALSE,,"SEAWEED, DULSE",review
"SEAWEED, IRISH MOSS",CHONDRUS CRISPUS,review,,FALSE,,"SEAWEED, IRISH MOSS",review
"SEAWEED, KELP **",LAMINARIA,review,,FALSE,,"SEAWEED, KELP **",review
"SEAWEED, KELP, FINGERED",LAMINARIA DIGITATA,review,,FALSE,,"SEAWEED, KELP, FINGERED",review
"SEAWEED, KELP, SUGAR",LAMINARIA SACCHARINA,review,,FALSE,,"SEAWEED, KELP, SUGAR",review
"SEAWEED, KELP, WINGED",ALARIA ESCULENTA,review,,FALSE,,"SEAWEED, KELP, WINGED",review
"SEAWEED, ROCKWEED",ASCOPHYLLUM NODOSUM,review,,FALSE,,"SEAWEED, ROCKWEED",review
"SEAWEED, SEA LETTUCE",ULVA LACTUCA,review,,FALSE,,"SEAWEED, SEA LETTUCE",review
"SEAWEED, WORMWEED **",ASCOPHYLLUM NODOSUM SCORPIOIDES,review,,FALSE,,"SEAWEED, WORMWEED **",review
"URCHIN, GREEN SEA, (S. DROEBACHIENSIS)",STRONGYLOCENTROTUS DROEBACHIENSIS,sea_cucumber_urchin_other_inverts,,FALSE,,"URCHIN, GREEN SEA, (S. DROEBACHIENSIS)",extended
"WHELK, WAVED",BUCCINUM UNDATUM,other_shellfish_specialty,,FALSE,,"WHELK, WAVED",extended
BOARFISHES **,ZEIFORMES,review,,FALSE,,BOARFISHES **,review
"CATFISH, WHITE",AMEIURUS CATUS,catfish_other,,FALSE,,"CATFISH, WHITE",extended
"CRAB, RED DEEPSEA",CHACEON QUINQUEDENS,crab,,TRUE,,"CRAB, RED DEEPSEA",core
CRAPPIES **,POMOXIS,review,,FALSE,,CRAPPIES **,review
DEALFISH,TRACHIPTERUS ARCTICUS,review,,FALSE,,DEALFISH,review
GARFISHES **,LEPISOSTEIDAE,review,,FALSE,,GARFISHES **,review
"NEEDLEFISH, ATLANTIC",STRONGYLURA MARINA,review,,FALSE,,"NEEDLEFISH, ATLANTIC",review
"PUFFER, NORTHERN",SPHOEROIDES MACULATUS,review,,FALSE,,"PUFFER, NORTHERN",review
SHARK FINS **,UNSPECIFIED,sharks_rays_skates,,FALSE,,SHARK FINS **,extended
"SHARK, HAMMERHEAD GENUS **",SPHYRNA SPP.,sharks_rays_skates,,FALSE,,"SHARK, HAMMERHEAD GENUS **",extended
"SNAKEHEAD, NORTHERN",CHANNA ARGUS,review,,FALSE,,"SNAKEHEAD, NORTHERN",review
"SQUID, SHORTFIN ILLEX",ILLEX ILLECEBROSUS,squid_octopus,,TRUE,,"SQUID, SHORTFIN ILLEX",core
SUNFISHES **,CENTRARCHIDAE,review,,FALSE,,SUNFISHES **,review
"TROUT, RAINBOW",ONCORHYNCHUS MYKISS,trout,,TRUE,,"TROUT, RAINBOW",core
"CLAM, ARK, BLOOD",ANADARA OVALIS,clams,,TRUE,,"CLAM, ARK, BLOOD",core
"CLAM, STOUT TAGELUS (STUBBY RAZOR/BAMBOO)",TAGELUS PLEBEIUS,clams,,TRUE,,"CLAM, STOUT TAGELUS (STUBBY RAZOR/BAMBOO)",core
"CLAM, SURF, ATLANTIC",SPISULA SOLIDISSIMA,clams,,TRUE,,"CLAM, SURF, ATLANTIC",core
HAGFISHES **,MYXINIDAE,other_groundfish,,TRUE,,HAGFISHES **,core
"HAKE, OFFSHORE",MERLUCCIUS ALBIDUS,other_groundfish,,TRUE,,"HAKE, OFFSHORE",core
LUMPFISH,CYCLOPTERUS LUMPUS,review,,FALSE,,LUMPFISH,review
"SHARK, DOGFISH, BLACK",CENTROSCYLLIUM FABRICII,sharks_rays_skates,,FALSE,,"SHARK, DOGFISH, BLACK",extended
"SHARK, PORBEAGLE",LAMNA NASUS,sharks_rays_skates,,FALSE,,"SHARK, PORBEAGLE",extended
"SILVERSIDES, ATHERINIDAE (FAMILY) **",ATHERINIDAE,review,,FALSE,,"SILVERSIDES, ATHERINIDAE (FAMILY) **",review
"CATFISH, GAFFTOPSAIL",BAGRE MARINUS,catfish_other,,FALSE,,"CATFISH, GAFFTOPSAIL",extended
HARVESTFISHES **,PEPRILUS,review,,FALSE,,HARVESTFISHES **,review
HOUNDFISH,TYLOSURUS CROCODILUS,review,,FALSE,,HOUNDFISH,review
"MACKEREL, FRIGATE",AUXIS THAZARD,mackerel,,TRUE,,"MACKEREL, FRIGATE",core
"RAY, COWNOSE",RHINOPTERA BONASUS,review,,FALSE,,"RAY, COWNOSE",review
"SMOOTHHOUND, FLORIDA",MUSTELUS NORRISI,review,,FALSE,,"SMOOTHHOUND, FLORIDA",review
"STARGAZER, NORTHERN",ASTROSCOPUS GUTTATUS,review,,FALSE,,"STARGAZER, NORTHERN",review
"TOMCOD, ATLANTIC",MICROGADUS TOMCOD,other_groundfish,,TRUE,,"TOMCOD, ATLANTIC",core
"ANCHOVY, BAY",ANCHOA MITCHILLI,small_pelagics_other,,FALSE,,"ANCHOVY, BAY",extended
"CRABS, HERMIT, PAGURUS (GENUS) **",PAGURUS,crab,,TRUE,,"CRABS, HERMIT, PAGURUS (GENUS) **",core
"GOOSEFISH, BLACKFIN",LOPHIUS GASTROPHYSUS,other_groundfish,,TRUE,,"GOOSEFISH, BLACKFIN",core
"GUITARFISH, BANDED",ZAPTERYX EXASPERATA,review,,FALSE,,"GUITARFISH, BANDED",review
"HAKE, SPOTTED",UROPHYCIS REGIA,other_groundfish,,TRUE,,"HAKE, SPOTTED",core
"HERRING, BLUEBACK",ALOSA AESTIVALIS,herring,,TRUE,,"HERRING, BLUEBACK",core
"HERRINGS, RIVER **",ALOSA SPP.,herring,,TRUE,,"HERRINGS, RIVER **",core
HOGCHOKER,TRINECTES MACULATUS,review,,FALSE,,HOGCHOKER,review
KILLIFISHES **,CYPRINODONTIDAE,review,,FALSE,,KILLIFISHES **,review
"LANCES, SAND **",AMMODYTES,review,,FALSE,,"LANCES, SAND **",review
"PERCHES, TRUE **",PERCIDAE,review,,FALSE,,"PERCHES, TRUE **",review
"RAVEN, SEA",HEMITRIPTERUS AMERICANUS,review,,FALSE,,"RAVEN, SEA",review
"REDFISH, GOLDEN",SEBASTES NORVEGICUS,review,,FALSE,,"REDFISH, GOLDEN",review
"SEAROBIN, ARMORED",PERISTEDION MINIATUM,other_groundfish,,TRUE,,"SEAROBIN, ARMORED",core
"SEAROBIN, STRIPED",PRIONOTUS EVOLANS,other_groundfish,,TRUE,,"SEAROBIN, STRIPED",core
"SEAROBINS, NORTH AMERICAN **",PRIONOTUS SPP.,other_groundfish,,TRUE,,"SEAROBINS, NORTH AMERICAN **",core
SHRIMPS **,CARIDEA,shrimp,,TRUE,,SHRIMPS **,core
"SILVERSIDE, ATLANTIC",MENIDIA MENIDIA,review,,FALSE,,"SILVERSIDE, ATLANTIC",review
"SKATE, THORNY",AMBLYRAJA RADIATA,sharks_rays_skates,,FALSE,,"SKATE, THORNY",extended
SPADEFISH **,EPHIPPIDAE,reef_fish_other,,FALSE,,SPADEFISH **,extended
"TOADFISH, OYSTER",OPSANUS TAU,oysters,,TRUE,,"TOADFISH, OYSTER",core
"COMBER, PAINTED",SERRANUS SCRIBA,review,,FALSE,,"COMBER, PAINTED",review
"CUTLASSFISH, ATLANTIC",TRICHIURUS LEPTURUS,review,,FALSE,,"CUTLASSFISH, ATLANTIC",review
"LIONFISH, RED",PTEROIS VOLITANS,review,,FALSE,,"LIONFISH, RED",review
"MUSSEL, RIBBED",GEUKENSIA DEMISSA,mussels,,TRUE,,"MUSSEL, RIBBED",core
PIGFISH,ORTHOPRISTIS CHRYSOPTERA,review,,FALSE,,PIGFISH,review
"PUFFERS, SPHOEROIDES (GENUS) **",SPHOEROIDES SPP.,review,,FALSE,,"PUFFERS, SPHOEROIDES (GENUS) **",review
"BUTTERCLAM, WASHINGTON",SAXIDOMUS GIGANTEA,review,,FALSE,,"BUTTERCLAM, WASHINGTON",review
"CLAM, PACIFIC RAZOR",SILIQUA PATULA,clams,,TRUE,,"CLAM, PACIFIC RAZOR",core
"CLAM, PACIFIC, GAPER **",TRESUS,clams,,TRUE,,"CLAM, PACIFIC, GAPER **",core
"COCKLE, NUTTALL",CLINOCARDIUM NUTTALLII,review,,FALSE,,"COCKLE, NUTTALL",review
"CRAB, SNOW/TANNER **",CHIONOECETES,crab,,TRUE,,"CRAB, SNOW/TANNER **",core
"ROCKFISH, TIGER",SEBASTES NIGROCINCTUS,other_groundfish,,TRUE,,"ROCKFISH, TIGER",core
"SHARK, BROWN CAT",ARPISTURUS BRUNNEUS,sharks_rays_skates,,FALSE,,"SHARK, BROWN CAT",extended
"SHRIMP, BLUE MUD",UPOGEBIA PUGETTENSIS,shrimp,,TRUE,,"SHRIMP, BLUE MUD",core
"SHRIMP, GHOST **",CALLIANASSIDAE,shrimp,,TRUE,,"SHRIMP, GHOST **",core
"SHRIMP, OCEAN",PANDALUS JORDANI,shrimp,,TRUE,,"SHRIMP, OCEAN",core
"SKATE, SANDPAPER",BATHYRAJIA INTERRUPTA,sharks_rays_skates,,FALSE,,"SKATE, SANDPAPER",extended
"SMELT, EULACHON",THALEICHTHYS PACIFICUS,review,,FALSE,,"SMELT, EULACHON",review
"SOLE, DEEPSEA",EMBASSICHTHYS BATHYBIUS,flatfish,,TRUE,,"SOLE, DEEPSEA",core
"STURGEON, WHITE",ACIPENSER TRANSMONTANUS,eel_sturgeon_shad,,FALSE,,"STURGEON, WHITE",extended
TUNAS **,THUNNUS,tuna,,TRUE,,TUNAS **,core
"SNAIL, SLIPPER LIMPET",CREPIDULA FORNICATA,review,,FALSE,,"SNAIL, SLIPPER LIMPET",review
"BARRACUDAS, SPHYRAENA (GENUS) **",SPHYRAENA SPP.,misc_marine_fish_other,,FALSE,,"BARRACUDAS, SPHYRAENA (GENUS) **",extended
MARGATE,HAEMULON ALBUM,review,,FALSE,,MARGATE,review
MUMMICHOG,FUNDULUS HETEROCLITUS,review,,FALSE,,MUMMICHOG,review
"SHAD, THREADFIN",DOROSOMA PETENENSE,eel_sturgeon_shad,,FALSE,,"SHAD, THREADFIN",extended
"SHARKS, HAMMERHEAD **",SPHYRNIDAE,sharks_rays_skates,,FALSE,,"SHARKS, HAMMERHEAD **",extended
"SHRIMP, ROCK",SICYONIA BREVIROSTRIS,shrimp,,TRUE,,"SHRIMP, ROCK",core
"SOAPFISHES, RYPTICUS (GENUS) **",RYPTICUS SPP.,review,,FALSE,,"SOAPFISHES, RYPTICUS (GENUS) **",review
"WHELKS, BUSYCON **",BUSYCON,other_shellfish_specialty,,FALSE,,"WHELKS, BUSYCON **",extended
BALLYHOO,HEMIRAMPHUS BRASILIENSIS,review,,FALSE,,BALLYHOO,review
CODFISHES **,GADIDAE,review,,FALSE,,CODFISHES **,review
"EELS, SNAKE **",OPHICHTHIDAE,eel_sturgeon_shad,,FALSE,,"EELS, SNAKE **",extended
"KINGFISH, GULF",MENTICIRRHUS LITTORALIS,review,,FALSE,,"KINGFISH, GULF",review
"SHRIMPS, BAIT",PENAEUS,shrimp,,TRUE,,"SHRIMPS, BAIT",core
"SQUID, ATLANTIC BRIEF",LOLLIGUNCULA BREVIS,squid_octopus,,TRUE,,"SQUID, ATLANTIC BRIEF",core
SUCKERS **,CATOSTOMIDAE,review,,FALSE,,SUCKERS **,review
"VERTEBRATES, JAWED **",GNATHOSTOMATA,exclude_misc_taxa,,FALSE,,"VERTEBRATES, JAWED **",exclude
"BASS, LARGEMOUTH",MICROPTERUS SALMOIDES,reef_fish_other,,FALSE,,"BASS, LARGEMOUTH",extended
CATFISHES **,SILURIFORMES,catfish_other,,FALSE,,CATFISHES **,extended
"CLAM, GEODUCK",PANOPEA ABRUPTA,clams,,TRUE,,"CLAM, GEODUCK",core
"CLAM, MANILA",CORBICULA MANILENSIS,clams,,TRUE,,"CLAM, MANILA",core
"CLAM, PACIFIC LITTLENECK",PROTOTHACA STAMINEA,clams,,TRUE,,"CLAM, PACIFIC LITTLENECK",core
"CLAM, VARNISH",NUTTALLIA OBSCURATA,clams,,TRUE,,"CLAM, VARNISH",core
"OYSTER, KUMAMOTO **",CRASSOSTREA GIGAS KUMAMOTO,oysters,,TRUE,,"OYSTER, KUMAMOTO **",core
"OYSTER, OLYMPIA",OSTREA CONCHAPHILA,oysters,,TRUE,,"OYSTER, OLYMPIA",core
MACKERELS **,SCOMBER,mackerel,,TRUE,,MACKERELS **,core
"RAY, BAT",MYLIOBATIS CALIFORNICA,review,,FALSE,,"RAY, BAT",review
SCADS **,DECAPTERUS,review,,FALSE,,SCADS **,review
"SENNET, NORTHERN",SPHYRAENA BOREALIS,review,,FALSE,,"SENNET, NORTHERN",review
ANCHOVIES,ENGRAULIDAE,small_pelagics_other,,FALSE,,ANCHOVIES,extended
"ROCKFISH, BRONZESPOTTED",SEBASTES GILLI,other_groundfish,,TRUE,,"ROCKFISH, BRONZESPOTTED",core
"FROGFISHES, ANTENNARIIDAE (FAMILY) **",ANTENNARIIDAE,review,,FALSE,,"FROGFISHES, ANTENNARIIDAE (FAMILY) **",review
"STARGAZER, SOUTHERN",ASTROSCOPUS Y-GRAECUM,review,,FALSE,,"STARGAZER, SOUTHERN",review
"ANEMONE, SUN",STICHODACTYLA HELIANTHUS,exclude_misc_taxa,,FALSE,,"ANEMONE, SUN",exclude
CORALLIMORPHARIA **,CORALLIMORPHARIA,exclude_misc_taxa,,FALSE,,CORALLIMORPHARIA **,exclude
"CRAB, PAGURISTES ERYTHROPS",PAGURISTES ERYTHROPS,crab,,TRUE,,"CRAB, PAGURISTES ERYTHROPS",core
"CRAB, PAGURISTES PUNCTICEPS",PAGURISTES PUNCTICEPS,crab,,TRUE,,"CRAB, PAGURISTES PUNCTICEPS",core
"CROAKER, REEF",ODONTOSCION DENTEX,misc_marine_fish_other,,FALSE,,"CROAKER, REEF",extended
"EEL, GOLDSPOTTED",MYRICHTHYS OCELLATUS,misc_marine_fish_other,,FALSE,,"EEL, GOLDSPOTTED",extended
"SHARK, DUSKY",CARCHARHINUS OBSCURUS,sharks_rays_skates,,FALSE,,"SHARK, DUSKY",extended
"SNAIL, FLORIDA MITER",MITRA FLORIDA,review,,FALSE,,"SNAIL, FLORIDA MITER",review
"SNAILS, TEGULA **",TEGULA,review,,FALSE,,"SNAILS, TEGULA **",review
"SQUIRRELFISH, DEEPWATER",SARGOCENTRON BULLISI,review,,FALSE,,"SQUIRRELFISH, DEEPWATER",review
BULLEYE,COOKEOLUS JAPONICUS,review,,FALSE,,BULLEYE,review
"PARROTFISH, PALENOSE",SCARUS PSITTACUS,review,,FALSE,,"PARROTFISH, PALENOSE",review
"SURGEONFISH, BLUELINED",ACANTHURUS NIGRORIS,review,,FALSE,,"SURGEONFISH, BLUELINED",review
"GARS, SLENDER **",LEPISOSTEUS SPP.,review,,FALSE,,"GARS, SLENDER **",review
"PEEPER, SPRING",PSEUDACRIS CRUCIFER,review,,FALSE,,"PEEPER, SPRING",review
"ROVER, CRIMSON",ERYTHROCLES MONODI,review,,FALSE,,"ROVER, CRIMSON",review
"SHARK, NIGHT",CARCHARHINUS SIGNATUS,sharks_rays_skates,,FALSE,,"SHARK, NIGHT",extended
"TURTLES, MUD **",KINOSTERNON,review,,FALSE,,"TURTLES, MUD **",review
POMPANOS **,TRACHINOTUS,reef_fish_other,,FALSE,,POMPANOS **,extended
"CRAB, NORTHERN STONE",LITHODES MAJA,crab,,TRUE,,"CRAB, NORTHERN STONE",core
TARPON,MEGALOPS ATLANTICUS,review,,FALSE,,TARPON,review
"CRAB, LADY",OVALIPES OCELLATUS,crab,,TRUE,,"CRAB, LADY",core
"STINGRAY, ATLANTIC",DASYATIS SABINA,sharks_rays_skates,,FALSE,,"STINGRAY, ATLANTIC",extended
"CRAB, ATLANTIC SAND",EMERITA TALPOIDA,crab,,TRUE,,"CRAB, ATLANTIC SAND",core
"KINGFISH, SOUTHERN",MENTICIRRHUS AMERICANUS,review,,FALSE,,"KINGFISH, SOUTHERN",review
"PUFFER, SMOOTH",LAGOCEPHALUS LAEVIGATUS,review,,FALSE,,"PUFFER, SMOOTH",review
"SHARK, DOGFISH, CHAIN",SCYLIORHINUS RETIFER,sharks_rays_skates,,FALSE,,"SHARK, DOGFISH, CHAIN",extended
"DRUM, BANDED",LARIMUS FASCIATUS,misc_marine_fish_other,,FALSE,,"DRUM, BANDED",extended
"MACKEREL, BULLET",AUXIS ROCHEI,mackerel,,TRUE,,"MACKEREL, BULLET",core
"PRAWN, GIANT TIGER",PENAEUS MONODON,shrimp,,TRUE,,"PRAWN, GIANT TIGER",core
"MUSSEL, CALIFORNIA",MYTILUS CALIFORNIANUS,mussels,,TRUE,,"MUSSEL, CALIFORNIA",core
"ROCKFISH, HARLEQUIN",SEBASTES VARIEGATUS,other_groundfish,,TRUE,,"ROCKFISH, HARLEQUIN",core
"SKATE, ALEUTIAN",BATHYRAJA ALEUTICA,sharks_rays_skates,,FALSE,,"SKATE, ALEUTIAN",extended
"SKATE, BLACK",BATHYRAJA TRACHURA,sharks_rays_skates,,FALSE,,"SKATE, BLACK",extended
CAPELIN,MALLOTUS VILLOSUS,small_pelagics_other,,FALSE,,CAPELIN,extended
"SUNFISH, OCEAN",MOLA MOLA,review,,FALSE,,"SUNFISH, OCEAN",review
CHUBS **,COREGONUS,review,,FALSE,,CHUBS **,review
"SARDINES, SCALY ** **",HARENGULA,small_pelagics_other,,FALSE,,"SARDINES, SCALY ** **",extended
"CRAB, SNOW",CHIONOECETES OPILIO,crab,,TRUE,,"CRAB, SNOW",core
"HAGFISH, BLACK",EPTATRETUS DEANI,other_groundfish,,TRUE,,"HAGFISH, BLACK",core
"SHARKS, THRESHER **",ALOPIAS,sharks_rays_skates,,FALSE,,"SHARKS, THRESHER **",extended
"SOLE, BIGMOUTH",HIPPOGLOSSINA STOMATA,flatfish,,TRUE,,"SOLE, BIGMOUTH",core
"TURBOT, DIAMOND",HYPSOPSETTA GUTTULATA,flatfish,,TRUE,,"TURBOT, DIAMOND",core
"CRABS, HEMIGRAPSUS **",HEMIGRAPSUS,crab,,TRUE,,"CRABS, HEMIGRAPSUS **",core
STURGEONS **,ACIPENSERIDAE,eel_sturgeon_shad,,FALSE,,STURGEONS **,extended
"EEL, SPECKLED WORM",MYROPHIS PUNCTATUS,eel_sturgeon_shad,,FALSE,,"EEL, SPECKLED WORM",extended
"SHARKS, PELAGIC **",LAMNIFORMES,sharks_rays_skates,,FALSE,,"SHARKS, PELAGIC **",extended
"ANIMALS, HYDRALIKE **",HYDROZOA,review,,FALSE,,"ANIMALS, HYDRALIKE **",review
"GAMBUSIA, MANGROVE",GAMBUSIA RHIZOPHORAE,review,,FALSE,,"GAMBUSIA, MANGROVE",review
"GOBY, NAKED",GOBIOSOMA BOSC,review,,FALSE,,"GOBY, NAKED",review
"POLYCHAETE, FIREWORMS **",AMPHINOMIDAE,review,,FALSE,,"POLYCHAETE, FIREWORMS **",review
"REEFFISH, YELLOWTAIL",CHROMIS ENCHRYSURA,review,,FALSE,,"REEFFISH, YELLOWTAIL",review
"SHARKS, SMALL COASTAL **",UNIDENTIFIED SURFACE FISH,sharks_rays_skates,,FALSE,,"SHARKS, SMALL COASTAL **",extended
"GOATFISH, SIDESPOT",PARUPENEUS PLEUROSTIGMA,misc_marine_fish_other,,FALSE,,"GOATFISH, SIDESPOT",extended
"REMORA, UNCLASSIFIED **",REMORA,review,,FALSE,,"REMORA, UNCLASSIFIED **",review
"SCORPIONFISH, SPOTTED",SCORPAENA PLUMIERI,other_groundfish,,TRUE,,"SCORPIONFISH, SPOTTED",core
"SEAWEED, ROCKWEEDS **",FUCACEAE,review,,FALSE,,"SEAWEED, ROCKWEEDS **",review
"CLAM, QUAHOG, FALSE",PITAR MORRHUANUS,clams,,TRUE,,"CLAM, QUAHOG, FALSE",core
"KILLIFISH, GULF",FUNDULUS GRANDIS,review,,FALSE,,"KILLIFISH, GULF",review
"CLAMS, PITAR **",PITAR,clams,,TRUE,,"CLAMS, PITAR **",core
"ROUGHY, BIG",GEPHYROBERYX DARWINII,review,,FALSE,,"ROUGHY, BIG",review
"ROCKFISH, CHAMELEON",SEBASTES PHILLIPSI,other_groundfish,,TRUE,,"ROCKFISH, CHAMELEON",core
"SHINER, GOLDEN",NOTEMIGONUS CRYSOLEUCAS,review,,FALSE,,"SHINER, GOLDEN",review
"STURGEON, SHORTNOSE",ACIPENSER BREVIROSTRUM,eel_sturgeon_shad,,FALSE,,"STURGEON, SHORTNOSE",extended
"ANEMONE, GIANT CARIBBEAN",CONDYLACTIS GIGANTEA,exclude_misc_taxa,,FALSE,,"ANEMONE, GIANT CARIBBEAN",exclude
"BARBIER, RED",HEMANTHIAS VIVANUS,review,,FALSE,,"BARBIER, RED",review
"BASS, THREADNOSE",ANTHIAS TENUIS,reef_fish_other,,FALSE,,"BASS, THREADNOSE",extended
"BLENNY, WRASSE",HEMIEMBLEMARIA SIMULUS,exclude_misc_taxa,,FALSE,,"BLENNY, WRASSE",exclude
"CLAM, BOX, JEWEL **",CHAMIDAE,clams,,TRUE,,"CLAM, BOX, JEWEL **",core
"HAMLET, MUTTON",ALPHESTES,review,,FALSE,,"HAMLET, MUTTON",review
"SNAILS, MELAMPUS **",MELAMPUS,review,,FALSE,,"SNAILS, MELAMPUS **",review
ALFONSIN,BERYX SPP.,review,,FALSE,,ALFONSIN,review
"MULLET, SHARPNOSE",NEOMYXUS LEUCISCUS,misc_marine_fish_other,,FALSE,,"MULLET, SHARPNOSE",extended
"TREVALLY, GOLDEN",GNATHANODON SPECIOSUS,review,,FALSE,,"TREVALLY, GOLDEN",review
"BIGEYE, SHORT",PRISTIGENYS ALTA,reef_fish_other,,FALSE,,"BIGEYE, SHORT",extended
RACER,COLUBER CONSTRICTOR,review,,FALSE,,RACER,review
SHRIMP (PALAEMON),PALAEMON,shrimp,,TRUE,,SHRIMP (PALAEMON),core
"SHRIMP, ROUGHNECK **",TRACHYPENAEUS,shrimp,,TRUE,,"SHRIMP, ROUGHNECK **",core
"TURTLE, ALLIGATOR SNAPPING",MACROCHELYS TEMMINCKII,review,,FALSE,,"TURTLE, ALLIGATOR SNAPPING",review
"TURTLE, MISSISSIPPI MAP **",GRAPTEMYS PSEUDOGEOGRAPHICA KOHNII,review,,FALSE,,"TURTLE, MISSISSIPPI MAP **",review
"CLAM, SURF, ARCTIC",MACTROMERIS POLYNYMA,clams,,TRUE,,"CLAM, SURF, ARCTIC",core
"LANCE, AMERICAN SAND",AMMODYTES AMERICANUS,review,,FALSE,,"LANCE, AMERICAN SAND",review
LITTLE/WINTER SKATE MIX **,LEUCORAJA,sharks_rays_skates,,FALSE,,LITTLE/WINTER SKATE MIX **,extended
"SCULPIN, LONGHORN",MYOXOCEPHALUS OCTODECEMSPINOSU,review,,FALSE,,"SCULPIN, LONGHORN",review
"PORGY, SAUCEREYE",CALAMUS CALAMUS,reef_fish_other,,FALSE,,"PORGY, SAUCEREYE",extended
"SHARK, WHITETIP, OCEANIC",CARCHARHINUS LONGIMANUS,sharks_rays_skates,,FALSE,,"SHARK, WHITETIP, OCEANIC",extended
"CRAYFISHES, FRESHWATER **",ASTACOIDEA,review,,FALSE,,"CRAYFISHES, FRESHWATER **",review
"PERCH, SILVER",BAIRDIELLA CHRYSOURA,review,,FALSE,,"PERCH, SILVER",review
"SHARKS, DOGFISH **",SQUALIDAE,sharks_rays_skates,,FALSE,,"SHARKS, DOGFISH **",extended
"GRUNT, BARRED",CONODON NOBILIS,review,,FALSE,,"GRUNT, BARRED",review
"SHARK, ANGEL, ATLANTIC",SQUATINA DUMERIL,sharks_rays_skates,,FALSE,,"SHARK, ANGEL, ATLANTIC",extended
"FLOUNDER,PACIFIC,SANDDAB,LONGFIN",CITHARICHTHYS XANTHOSTIGMA,flatfish,,TRUE,,"FLOUNDER,PACIFIC,SANDDAB,LONGFIN",core
"SAURY, PACIFIC",COLOLABIS SAIRA,review,,FALSE,,"SAURY, PACIFIC",review
"EEL, ZEBRA MORAY",GYMNOTHORAX ZEBRA,eel_sturgeon_shad,,FALSE,,"EEL, ZEBRA MORAY",extended
"JOBFISH, SMALLTOOTHED",APHAREUS FURCA,review,,FALSE,,"JOBFISH, SMALLTOOTHED",review
"LOBSTERS, SLIPPER **",SCYLLARIDAE,lobster,,TRUE,,"LOBSTERS, SLIPPER **",core
OCTOPUS,OCTOPUS PISCATORUM,squid_octopus,,TRUE,,OCTOPUS,core
"TANG, YELLOW",ZEBRASOMA FLAVESCENS,review,,FALSE,,"TANG, YELLOW",review
MOONEYE,HIODON TERGISUS,review,,FALSE,,MOONEYE,review
"ROCKSNAIL, FLORIDA",STRAMONITA HAEMASTOMA,review,,FALSE,,"ROCKSNAIL, FLORIDA",review
"TURTLE, RAZOR-BACKED MUSK",STERNOTHERUS CARINATUS,review,,FALSE,,"TURTLE, RAZOR-BACKED MUSK",review
"SHRIMP, NORTHERN",PANDALUS BOREALIS,shrimp,,TRUE,,"SHRIMP, NORTHERN",core
"BULLHEAD, BROWN",AMEIURUS NEBULOSUS,inland_freshwater_other,,FALSE,,"BULLHEAD, BROWN",extended
"MARLIN, BLUE",MAKAIRA NIGRICANS,review,,FALSE,,"MARLIN, BLUE",review
"SHRIMPS, CRANGON **",CRANGONIDAE,shrimp,,TRUE,,"SHRIMPS, CRANGON **",core
"SHARKS, MAKO **",ISURUS,sharks_rays_skates,,FALSE,,"SHARKS, MAKO **",extended
LEATHERJACK,OLIGOPLITES SAURUS,review,,FALSE,,LEATHERJACK,review
"TUNA, BLACK SKIPJACK",EUTHYNNUS LINEATUS,tuna,,TRUE,,"TUNA, BLACK SKIPJACK",core
CORALS **,ANTHOZOA,exclude_misc_taxa,,FALSE,,CORALS **,exclude
"CLAM, ANGELWING",CYRTOPLEURA COSTATA,clams,,TRUE,,"CLAM, ANGELWING",core
"CORNETFISH, BLUESPOTTED",FISTULARIA TABACARIA,misc_marine_fish_other,,FALSE,,"CORNETFISH, BLUESPOTTED",extended
"CRABS, LAND HERMIT **",COENOBITIDAE,crab,,TRUE,,"CRABS, LAND HERMIT **",core
FILEFISHES **,MONACANTHUS,review,,FALSE,,FILEFISHES **,review
"GOBY, YELLOWLINE",ELACATINUS HORSTI,review,,FALSE,,"GOBY, YELLOWLINE",review
"SNAIL, SHARK EYE",NEVERITA DUPLICATA,sharks_rays_skates,,FALSE,,"SNAIL, SHARK EYE",extended
"SNAILS, FIG **",FICUS,review,,FALSE,,"SNAILS, FIG **",review
"JOBFISH, GOLDFLAG",PRISTIPOMOIDES AURICILLA,review,,FALSE,,"JOBFISH, GOLDFLAG",review
"SNAKE, GREEN WATER",NERODIA CYCLOPION,review,,FALSE,,"SNAKE, GREEN WATER",review
"FLOUNDER, GULF STREAM",CITHARICHTHYS ARCTIFRONS,flatfish,,TRUE,,"FLOUNDER, GULF STREAM",core
"SEAWEED, KELP **",MACROCYSTIS,review,,FALSE,,"SEAWEED, KELP **",review
"SKATE, ROSETTE",LEUCORAJA GARMANI,sharks_rays_skates,,FALSE,,"SKATE, ROSETTE",extended
"STURGEON, GREEN",ACIPENSER MEDIROSTRIS,eel_sturgeon_shad,,FALSE,,"STURGEON, GREEN",extended
"GRENADIER, PACIFIC",CORYPHAENOIDES ACROLEPIS,review,,FALSE,,"GRENADIER, PACIFIC",review
"SKATE, ROUGHTAIL",RAJA TRACHURA,sharks_rays_skates,,FALSE,,"SKATE, ROUGHTAIL",extended
"SNAIL, ANGULAR TRITON",CYMATIUM FEMORALE,review,,FALSE,,"SNAIL, ANGULAR TRITON",review
MACKEREL FAMILY **,SCOMBRIDAE,mackerel,,TRUE,,MACKEREL FAMILY **,core
"COOTER, RIVER",PSEUDEMYS CONCINNA,review,,FALSE,,"COOTER, RIVER",review
REPTILES,REPTILIA,review,,FALSE,,REPTILES,review
"SHRIMP, FW **",MACROBRACHIUM,shrimp,,TRUE,,"SHRIMP, FW **",core
"TOADS, TRUE",BUFO,review,,FALSE,,"TOADS, TRUE",review
"TREEFROG, GREEN",RANIDAE,review,,FALSE,,"TREEFROG, GREEN",review
"WOLFFISH, NORTHERN",ANARHICHAS DENTICULATUS,other_groundfish,,TRUE,,"WOLFFISH, NORTHERN",core
"WOLFFISH, SPOTTED",ANARHICHAS MINOR,other_groundfish,,TRUE,,"WOLFFISH, SPOTTED",core
"BASS, ROCK",AMBLOPLITES RUPESTRIS,reef_fish_other,,FALSE,,"BASS, ROCK",extended
"BASS, WHITE",MORONE CHRYSOPS,reef_fish_other,,FALSE,,"BASS, WHITE",extended
BURBOT,LOTA LOTA,review,,FALSE,,BURBOT,review
GOLDFISH,CARASSIUS AURATUS,review,,FALSE,,GOLDFISH,review
"HERRING, LAKE OR CISCO",COREGONUS ARTEDI,herring,,TRUE,,"HERRING, LAKE OR CISCO",core
QUILLBACK,CARPIODES CYPRINUS,review,,FALSE,,QUILLBACK,review
"SMELT, RAINBOW",OSMERUS MORDAX,review,,FALSE,,"SMELT, RAINBOW",review
"TROUT, LAKE",SALVELINUS NAMAYCUSH,trout,,TRUE,,"TROUT, LAKE",core
WALLEYE,SANDER,review,,FALSE,,WALLEYE,review
"WHITEFISH, LAKE",COREGONUS CLUPEAFORMIS,review,,FALSE,,"WHITEFISH, LAKE",review
"WHITEFISH, ROUND",PROSOPIUM CYLINDRACEUM,review,,FALSE,,"WHITEFISH, ROUND",review
"CATFISHES-BULLHEADS, OTHER **",SILURIDAE,catfish_other,,FALSE,,"CATFISHES-BULLHEADS, OTHER **",extended
"BUTTERFLYFISHES, CHAETODONTIDAE (FAMILY) **",CHAETODONTIDAE,exclude_misc_taxa,,FALSE,,"BUTTERFLYFISHES, CHAETODONTIDAE (FAMILY) **",exclude
"SHARK, MAKO, LONGFIN",ISURUS PAUCUS,sharks_rays_skates,,FALSE,,"SHARK, MAKO, LONGFIN",extended
"GRENADIER, GIANT",LBATROSSIA PECTORALIS,review,,FALSE,,"GRENADIER, GIANT",review
"SKATE, STARRY",RAJA STELLULATA,sharks_rays_skates,,FALSE,,"SKATE, STARRY",extended
"HAKE, SOUTHERN",UROPHYCIS FLORIDANA,other_groundfish,,TRUE,,"HAKE, SOUTHERN",core
"ISOPODS, GIANT **",BATHYONUS,review,,FALSE,,"ISOPODS, GIANT **",review
"GROUPER, TIGER",MYCTEROPERCA TIGRIS,snapper_grouper,,TRUE,,"GROUPER, TIGER",core
"MUSSELS, PERNA **",PERNA PHILIPSSON,mussels,,TRUE,,"MUSSELS, PERNA **",core
"RAYS, EAGLE **",MYLIOBATIDAE,review,,FALSE,,"RAYS, EAGLE **",review
"STARS, FEATHER **",CRINOIDEA,review,,FALSE,,"STARS, FEATHER **",review
"GENUS, SURGEONFISH **",ACANTHURUS SPP.,review,,FALSE,,"GENUS, SURGEONFISH **",review
"SQUIRRELFISH, SABER",SARGOCENTRON SPINIFERUM,review,,FALSE,,"SQUIRRELFISH, SABER",review
"GOBY, VIOLET",GOBIOIDES BROUSSONNETI,review,,FALSE,,"GOBY, VIOLET",review
MOONEYES **,HIODONTIDAE,review,,FALSE,,MOONEYES **,review
"TOADS, EUROPEAN SPADEFOOT **",PELODYTIDAE,review,,FALSE,,"TOADS, EUROPEAN SPADEFOOT **",review
CRAYFISHES **,ASTACIDAE LATREILLE,review,,FALSE,,CRAYFISHES **,review
PUMPKINSEED,LEPOMIS GIBBOSUS,review,,FALSE,,PUMPKINSEED,review
"SUCKER, WHITE",CATOSTOMUS COMMERSONII,review,,FALSE,,"SUCKER, WHITE",review
BURRFISHES **,CHILOMYCTERUS SPP.,exclude_misc_taxa,,FALSE,,BURRFISHES **,exclude
"SHARK, SAND TIGER",CARCHARIAS TAURUS,sharks_rays_skates,,FALSE,,"SHARK, SAND TIGER",extended
FILEFISHES **,MONACANTHIDAE,review,,FALSE,,FILEFISHES **,review
"SNAILS, WENTLETRAP",EPITONIIDAE,review,,FALSE,,"SNAILS, WENTLETRAP",review
"SURGEONFISH, BLACK",CTENOCHAETUS HAWAIIENSIS,review,,FALSE,,"SURGEONFISH, BLACK",review
"TROUT, BROWN",SALMO TRUTTA,trout,,TRUE,,"TROUT, BROWN",core
"SCALLOP, ATLANTIC CALICO",ARGOPECTEN GIBBUS,scallops,,TRUE,,"SCALLOP, ATLANTIC CALICO",core
REDFISHES **,TRACHICHTHYIDAE,review,,FALSE,,REDFISHES **,review
"CRABS, HORSESHOE **",LIMULUS,crab,,TRUE,,"CRABS, HORSESHOE **",core
"BASS, ROUGHTONGUE",PRONOTOGRAMMUS MARTINICENSIS,reef_fish_other,,FALSE,,"BASS, ROUGHTONGUE",extended
BLEUFER,POTAMILUS PURPURATUS,review,,FALSE,,BLEUFER,review
RUDDERFISH **,KYPHOSIDAE,reef_fish_other,,FALSE,,RUDDERFISH **,extended
THREERIDGE,AMBLEMA PLICATA,review,,FALSE,,THREERIDGE,review
"SCALLOP, ICELAND",CHLAMYS ISLANDICA,scallops,,TRUE,,"SCALLOP, ICELAND",core
"MUSSEL, SLIPPERSHELL",ALASMIDONTA VIRIDIS,mussels,,TRUE,,"MUSSEL, SLIPPERSHELL",core
"SMELTS, HERRING **",ARGENTINIDAE,herring,,TRUE,,"SMELTS, HERRING **",core
"SCAD, ROUGH",TRACHURUS LATHAMI,review,,FALSE,,"SCAD, ROUGH",review
"WOLFFISH, ATLANTIC",ANARHICHAS LUPUS,other_groundfish,,TRUE,,"WOLFFISH, ATLANTIC",core
ANGELFISHES **,POMACANTHIDAE,exclude_misc_taxa,,FALSE,,ANGELFISHES **,exclude
SLEEPERS **,ELEOTRIDAE,review,,FALSE,,SLEEPERS **,review
"JACK, THICK LIPPED",PSEUDOCARANX DENTEX,reef_fish_other,,FALSE,,"JACK, THICK LIPPED",extended
"SNAIL, EASTERN MUD",NASSARIUS OBSOLETUS,review,,FALSE,,"SNAIL, EASTERN MUD",review
CIGAR,CHEILIO INERMIS,review,,FALSE,,CIGAR,review
"LOBSTER, SPINY",PANULIRUS SPP.,lobster,,TRUE,,"LOBSTER, SPINY",core
PLANTAE **,PLANTAE,review,,FALSE,,PLANTAE **,review
"CRAB, PORTLY SPIDER",LIBINIA EMARGINATA,crab,,TRUE,,"CRAB, PORTLY SPIDER",core
"TERRAPIN, DIAMONDBACK",MALACLEMYS TERRAPIN,review,,FALSE,,"TERRAPIN, DIAMONDBACK",review
"SQUID, JUMBO",DOSIDICUS GIGAS,squid_octopus,,TRUE,,"SQUID, JUMBO",core
SQUILLA EMPUSA,SQUILLA EMPUSA,review,,FALSE,,SQUILLA EMPUSA,review
"SHARK, BIGNOSE",CARCHARHINUS ALTIMUS,sharks_rays_skates,,FALSE,,"SHARK, BIGNOSE",extended
"TURBOT, SPOTTED",PLEURONICHTHYS RITTERI,flatfish,,TRUE,,"TURBOT, SPOTTED",core
"SHARK, REEF",CARCHARHINUS PEREZII,sharks_rays_skates,,FALSE,,"SHARK, REEF",extended
CICHLIDS **,CICHLIDAE,review,,FALSE,,CICHLIDS **,review
"SERGEANT, BLACKSPOT",ABUDEFDUF SORDIDUS,misc_marine_fish_other,,FALSE,,"SERGEANT, BLACKSPOT",extended
"SWORDFISHES, UNCLASSIFIED **",XIPHIIDAE,swordfish,,TRUE,,"SWORDFISHES, UNCLASSIFIED **",core
"GROUPER, NASSAU",EPINEPHELUS STRIATUS,snapper_grouper,,TRUE,,"GROUPER, NASSAU",core
"LAMPREY, SEA",PETROMYZON MARINUS,review,,FALSE,,"LAMPREY, SEA",review
ALFONSINO,BERYX SPLENDENS,review,,FALSE,,ALFONSINO,review
"CHOICE, SAILORS",HAEMULON PARRA,review,,FALSE,,"CHOICE, SAILORS",review
"CLAM, RANGIA, ATLANTIC",RANGIA CUNEATA,clams,,TRUE,,"CLAM, RANGIA, ATLANTIC",core
LIMPETS **,FISSURELLIDAE,review,,FALSE,,LIMPETS **,review
SICKLE POMFRET,TARACTICHTHYS STEINDACHNERI,review,,FALSE,,SICKLE POMFRET,review
SQUID,DECAPODIFORMES (SUPERORDER),squid_octopus,,TRUE,,SQUID,core
PERCH-LIKE FISHES **,PERCIFORMES,review,,FALSE,,PERCH-LIKE FISHES **,review
"TRIGGERFISH, LAGOON",RHINECANTHUS ACULEATUS,reef_fish_other,,FALSE,,"TRIGGERFISH, LAGOON",extended
"WRASSE, RINGTAIL",OXYCHEILINUS UNIFASCIATUS,review,,FALSE,,"WRASSE, RINGTAIL",review
"CONCHS, TRUE **",STROMBUS,other_shellfish_specialty,,FALSE,,"CONCHS, TRUE **",extended
"TORPEDO, ATLANTIC",TORPEDO NOBILIANA,review,,FALSE,,"TORPEDO, ATLANTIC",review
"SNAILS, WENTLETRAP **",EPITONIIDAE,review,,FALSE,,"SNAILS, WENTLETRAP **",review
"CUCUMBER, ORANGE FOOTED SEA",CUCUMARIA FRONDOSA,sea_cucumber_urchin_other_inverts,,FALSE,,"CUCUMBER, ORANGE FOOTED SEA",extended
"POLYCHAETE, SEA MOUSE",APHRODITA HASTATA,review,,FALSE,,"POLYCHAETE, SEA MOUSE",review
"MACKEREL, KING AND CERO **",SCOMBEROMORUS,mackerel,,TRUE,,"MACKEREL, KING AND CERO **",core
"STICKLEBACK, NINESPINE",PUNGITIUS PUNGITIUS,review,,FALSE,,"STICKLEBACK, NINESPINE",review
ABALONES **,HALIOTIDAE,review,,FALSE,,ABALONES **,review
"FLATNOSE, PACIFIC",ANTIMORA MICROLEPIS,review,,FALSE,,"FLATNOSE, PACIFIC",review
"SHARK, WHITE",CARCHARODON CARCHARIAS,sharks_rays_skates,,FALSE,,"SHARK, WHITE",extended
"LEAFFISH, AFRICAN",POLYCENTROPSIS ABBREVIATA,review,,FALSE,,"LEAFFISH, AFRICAN",review
"HAGFISH, ATLANTIC",MYXINE GLUTINOSA,other_groundfish,,TRUE,,"HAGFISH, ATLANTIC",core
"CRABS, CANCER (GENUS) **",CANCER,crab,,TRUE,,"CRABS, CANCER (GENUS) **",core
SHARKS **,SQUALIFORMES,sharks_rays_skates,,FALSE,,SHARKS **,extended
"SPONGE, SHEEPSWOOL",HIPPOSPONGIA LACHNE,review,,FALSE,,"SPONGE, SHEEPSWOOL",review
MAPLELEAF,QUADRULA QUADRULA,review,,FALSE,,MAPLELEAF,review
WASHBOARD,MEGALONAIAS NERVOSA,review,,FALSE,,WASHBOARD,review
"SHRIMP, PANDALID **",PANDALUS,shrimp,,TRUE,,"SHRIMP, PANDALID **",core
SKIPPERS **,TYLOSURUS,review,,FALSE,,SKIPPERS **,review
"SCORPIONFISH, LONGSNOUT",PONTINUS CASTOR,other_groundfish,,TRUE,,"SCORPIONFISH, LONGSNOUT",core
"TURTLE, SLIDERS **",PSEUDEMYS,review,,FALSE,,"TURTLE, SLIDERS **",review
"TURTLE, SOFT-SHELL **",TRIONYX,review,,FALSE,,"TURTLE, SOFT-SHELL **",review
"CLAM, CALIFORNIA JACKKNIFE",ENSIS MYRAE,clams,,TRUE,,"CLAM, CALIFORNIA JACKKNIFE",core
"CORIS, YELLOWSTRIPE",CORIS FLAVOVITTATA,review,,FALSE,,"CORIS, YELLOWSTRIPE",review
SPEARFISHES **,TETRAPTURUS,review,,FALSE,,SPEARFISHES **,review
"MUSSELS, FW **",UNIONIDAE,mussels,,TRUE,,"MUSSELS, FW **",core
"MARLIN, WHITE",KAJIKIA ALBIDA,review,,FALSE,,"MARLIN, WHITE",review
"ABALONE, RED",HALIOTIS RUFESCENS,review,,FALSE,,"ABALONE, RED",review
"ALLIGATOR, AMERICAN",ALLIGATOR MISSISSIPPIENSIS,review,,FALSE,,"ALLIGATOR, AMERICAN",review
"LAMPREY, PACIFIC",ENTOSPHENUS TRIDENTATUS,review,,FALSE,,"LAMPREY, PACIFIC",review
BILLFISHES **,ISTIOPHORIDAE,review,,FALSE,,BILLFISHES **,review
PIKES **,ESOCIDAE,inland_freshwater_other,,FALSE,,PIKES **,extended
"ABALONE, GREEN",HALIOTIS FULGENS,review,,FALSE,,"ABALONE, GREEN",review
"ABALONE, PINK",HALIOTIS CORRUGATA,review,,FALSE,,"ABALONE, PINK",review
"ABALONE, WHITE",HALIOTIS SORENSENI,review,,FALSE,,"ABALONE, WHITE",review
"SPONGE, WIRE",SPONGIA STEREA,review,,FALSE,,"SPONGE, WIRE",review
SAUGER,SANDER CANADENSIS,review,,FALSE,,SAUGER,review
"ABALONE, BLACK",HALIOTIS CRACHERODII,review,,FALSE,,"ABALONE, BLACK",review
SQUAWFISHES **,PTYCHOCHEILUS,review,,FALSE,,SQUAWFISHES **,review
"GROUPER, GOLIATH",EPINEPHELUS ITAJARA,snapper_grouper,,TRUE,,"GROUPER, GOLIATH",core
PADDLEFISH,POLYODON SPATHULA,review,,FALSE,,PADDLEFISH,review
"TROUT, BROOK",SALVELINUS FONTINALIS,trout,,TRUE,,"TROUT, BROOK",core
"BLACKFISH, SACRAMENTO",ORTHODON MICROLEPIDOTUS,review,,FALSE,,"BLACKFISH, SACRAMENTO",review
HALFMOON,MEDIALUNA CALIFORNIENSIS,review,,FALSE,,HALFMOON,review
"MUDSUCKER, LONGJAW",GILLICHTHYS MIRABILIS,review,,FALSE,,"MUDSUCKER, LONGJAW",review
OPALEYE,GIRELLA NIGRICANS,review,,FALSE,,OPALEYE,review
"POMPANO, PACIFIC",PEPRILUS SIMILLIMUS,reef_fish_other,,FALSE,,"POMPANO, PACIFIC",extended
"ROCK BASSES, PACIFIC **",PARALABRAX,review,,FALSE,,"ROCK BASSES, PACIFIC **",review
SOLES **,SOLEIDAE,flatfish,,TRUE,,SOLES **,core
BLACKSMITH,CHROMIS PUNCTIPINNIS,review,,FALSE,,BLACKSMITH,review
"SPONGE, GLOVE",SPONGIA CHEIRIS,review,,FALSE,,"SPONGE, GLOVE",review
"SAWFISH, SMALLTOOTH",PRISTIS PECTINATA,review,,FALSE,,"SAWFISH, SMALLTOOTH",review
"CHAR, ARCTIC",SALVELINUS ALPINUS,review,,FALSE,,"CHAR, ARCTIC",review
"TURTLES, BABY (YOUNG FW) **",CHRYSEMYS,review,,FALSE,,"TURTLES, BABY (YOUNG FW) **",review
INCONNU,STENODUS LEUCICHTHYS,review,,FALSE,,INCONNU,review
"VARDEN, DOLLY",SALVELINUS MALMA,review,,FALSE,,"VARDEN, DOLLY",review
"TURTLE, GREEN SEA",CHELONIA MYDAS,review,,FALSE,,"TURTLE, GREEN SEA",review
"CRAB, RED PACIFIC",PODOPHTHALMUS VIGIL,crab,,TRUE,,"CRAB, RED PACIFIC",core
"TURTLE, LOGGERHEAD",CARETTA CARETTA,review,,FALSE,,"TURTLE, LOGGERHEAD",review
WHALES **,CETACEA,review,,FALSE,,WHALES **,review
"CABRILLA, SPOTTED",EPINEPHELUS ANALOGUS,misc_marine_fish_other,,FALSE,,"CABRILLA, SPOTTED",extended
"ALGAE, MARINE **",CHLOROPHYTA,review,,FALSE,,"ALGAE, MARINE **",review
"CLAM, VARIABLE COQUINA",DONAX VARIABILIS,clams,,TRUE,,"CLAM, VARIABLE COQUINA",core
SPLITTAIL,POGONICHTHYS MACROLEPIDOTUS,review,,FALSE,,SPLITTAIL,review
"SIERRA, PACIFIC",SCOMBEROMORUS SIERRA,review,,FALSE,,"SIERRA, PACIFIC",review
"SMELT, WHITEBAIT",ALLOSMERUS ELONGATUS,review,,FALSE,,"SMELT, WHITEBAIT",review
"SNOOK, COMMON",CENTROPOMUS UNDECIMALIS,review,,FALSE,,"SNOOK, COMMON",review
