species_group,in_trade,in_domestic
catfish_other,TRUE,TRUE
clams,TRUE,TRUE
cod,TRUE,TRUE
crab,TRUE,TRUE
crawfish_freshwater,TRUE,
eel_sturgeon_shad,TRUE,TRUE
flatfish,TRUE,TRUE
halibut,TRUE,TRUE
herring,TRUE,TRUE
inland_freshwater_other,TRUE,TRUE
large_pelagics_other,TRUE,TRUE
lobster,TRUE,TRUE
mackerel,TRUE,TRUE
misc_marine_fish_other,,TRUE
mussels,TRUE,TRUE
other_groundfish,TRUE,TRUE
other_shellfish_specialty,TRUE,TRUE
oysters,TRUE,TRUE
pangasius_basa_swai,TRUE,
pollock,TRUE,TRUE
reef_fish_other,TRUE,TRUE
sablefish,TRUE,TRUE
salmon,TRUE,TRUE
scallops,TRUE,TRUE
sea_cucumber_urchin_other_inverts,TRUE,TRUE
sharks_rays_skates,TRUE,TRUE
shrimp,TRUE,TRUE
small_pelagics_other,TRUE,TRUE
snapper_grouper,TRUE,TRUE
squid_octopus,TRUE,TRUE
swordfish,TRUE,TRUE
tilapia,TRUE,TRUE
toothfish,TRUE,
trout,TRUE,TRUE
tuna,TRUE,TRUE
