year,species_group,supplier_hhi_volume,supplier_hhi_value,n_suppliers
2009,catfish_other,0.790346766736559,0.788820177761215,10
2009,clams,0.253866535885342,0.225996888319659,28
2009,cod,0.444156797884249,0.384305187579022,30
2009,crab,0.268293291061663,0.193696788705835,44
2009,crawfish_freshwater,0.777619550369172,0.764178632830034,6
2009,eel_sturgeon_shad,0.426831132108172,0.53142446304674,12
2009,flatfish,0.478885165881086,0.365151859857232,35
2009,halibut,0.522501935976834,0.565483871609318,11
2009,herring,0.414086560305443,0.228262894482152,33
2009,inland_freshwater_other,0.498865839751618,0.616868151359626,24
2009,large_pelagics_other,0.240139940227002,0.252139446482298,20
2009,lobster,0.607690565457385,0.540267947483138,40
2009,mackerel,0.117614452233147,0.112344393880014,39
2009,mussels,0.35980043477989,0.373245412816324,14
2009,other_groundfish,0.281608088852949,0.209985002437275,33
2009,other_shellfish_specialty,0.571724313554299,0.271301774655578,23
2009,oysters,0.299574531478695,0.311100130003098,10
2009,pangasius_basa_swai,0.620340577588185,0.599742277662556,10
2009,pollock,0.881989350738137,0.848753052171643,15
2009,reef_fish_other,0.201298686622821,0.218333340378048,18
2009,sablefish,1,1,1
2009,salmon,0.211133225629763,0.220159140113267,31
2009,scallops,0.253525782789649,0.258665940846503,20
2009,sea_cucumber_urchin_other_inverts,0.926854397039129,0.572689858287246,5
2009,sharks_rays_skates,0.193396271838804,0.204098396626334,13
2009,shrimp,0.171557810594563,0.17892825588876,50
2009,small_pelagics_other,0.144843426669584,0.122359741153368,49
2009,snapper_grouper,0.173793839227397,0.18080721282986,33
2009,squid_octopus,0.188856996318218,0.191710477235933,37
2009,swordfish,0.115021765105378,0.133066099382623,29
2009,tilapia,0.521420361507742,0.371745836612183,23
2009,toothfish,0.185501369453455,0.164367499345104,22
2009,trout,0.276425173680058,0.319930138223729,22
2009,tuna,0.205578942948713,0.164113795551169,68
2010,catfish_other,0.861128357686732,0.848796848412691,10
2010,clams,0.292765176761068,0.248122373831913,25
2010,cod,0.464807950888377,0.384574045592064,31
2010,crab,0.235333523424497,0.177183756342076,40
2010,crawfish_freshwater,0.901050392128977,0.903095272954956,5
2010,eel_sturgeon_shad,0.467060606594297,0.459647811864498,8
2010,flatfish,0.467001861672752,0.345360035190371,35
2010,halibut,0.470961452399262,0.564000410699632,12
2010,herring,0.390878808329145,0.247719939150815,36
2010,inland_freshwater_other,0.580113873456586,0.633598460523889,21
2010,large_pelagics_other,0.229777138857213,0.240416978736595,29
2010,lobster,0.598125636956675,0.532972573425444,42
2010,mackerel,0.126164679588084,0.12365220160345,42
2010,mussels,0.404956651976619,0.4093478589628,11
2010,other_groundfish,0.295911544711551,0.21864754576388,30
2010,other_shellfish_specialty,0.508000000448979,0.278759584211794,27
2010,oysters,0.26981656303741,0.29751144096676,13
2010,pangasius_basa_swai,0.749328847785473,0.728444141835937,10
2010,pollock,0.765447147578753,0.713565832586053,15
2010,reef_fish_other,0.440586290784235,0.544745431089315,24
2010,sablefish,0.954137974261507,0.92839479313453,3
2010,salmon,0.21461094205151,0.202650710210771,33
2010,scallops,0.267164109736832,0.229782993653022,16
2010,sea_cucumber_urchin_other_inverts,0.956373785530708,0.742164491388179,6
2010,sharks_rays_skates,0.182349575921124,0.415606785662436,11
2010,shrimp,0.179039624051494,0.175059657782534,53
2010,small_pelagics_other,0.147400916437176,0.129533080053687,45
2010,snapper_grouper,0.175381900316768,0.181515311431446,36
2010,squid_octopus,0.26536550157694,0.257576449351879,36
2010,swordfish,0.108211199951491,0.128297503229854,28
2010,tilapia,0.554918532848377,0.453698716052597,24
2010,toothfish,0.173551396388698,0.154816170508608,20
2010,trout,0.382490352064856,0.507159430085253,17
2010,tuna,0.249023009636203,0.193617241311035,68
2011,catfish_other,0.959803278116716,0.973905038503278,6
2011,clams,0.320117491614508,0.239640078759273,26
2011,cod,0.508681790739168,0.431944383258657,25
2011,crab,0.230652093900231,0.196157997529963,37
2011,crawfish_freshwater,0.715644499716513,0.62602509556648,7
2011,eel_sturgeon_shad,0.379196383674737,0.5204747168804,9
2011,flatfish,0.471956656104324,0.362039413221656,33
2011,halibut,0.407782854376881,0.500340800317658,12
2011,herring,0.438937852670832,0.299459873280494,35
2011,inland_freshwater_other,0.470936686730458,0.573719596925364,20
2011,large_pelagics_other,0.189804896279837,0.207765491182353,38
2011,lobster,0.648834231566187,0.572881921279492,42
2011,mackerel,0.134441114847009,0.114832528920905,40
2011,mussels,0.378036288975209,0.394112744704837,13
2011,other_groundfish,0.248252150256932,0.214508186752039,28
2011,other_shellfish_specialty,0.596965136089289,0.315504012831124,29
2011,oysters,0.289718493765799,0.312444666990526,12
2011,pangasius_basa_swai,0.924346090615218,0.915791677291041,7
2011,pollock,0.920345832534957,0.887654238816603,14
2011,reef_fish_other,0.535189379888792,0.772124538738411,18
2011,sablefish,0.99443915473321,0.99489197403988,2
2011,salmon,0.2129885175324,0.21188556120419,32
2011,scallops,0.283515221431161,0.213649701414551,19
2011,sea_cucumber_urchin_other_inverts,0.688383078357261,0.514161289687736,5
2011,sharks_rays_skates,0.164592306198357,0.317036032772771,13
2011,shrimp,0.15992104098624,0.168450399100309,49
2011,small_pelagics_other,0.140981625514157,0.11880420665145,45
2011,snapper_grouper,0.193821942245028,0.191583803376149,35
2011,squid_octopus,0.262462904530924,0.23833516380434,34
2011,swordfish,0.112572727118425,0.135564640857638,24
2011,tilapia,0.551748648871389,0.456855306992669,26
2011,toothfish,0.174998034788816,0.148973147085977,23
2011,trout,0.322453035572474,0.374818491865576,16
2011,tuna,0.222579903416084,0.186650203310963,66
2012,catfish_other,0.629428809643267,0.750377389963372,19
2012,clams,0.377288264683182,0.27650169759844,20
2012,cod,0.44855903198943,0.370731774863514,29
2012,crab,0.222303539115351,0.168423423725111,40
2012,crawfish_freshwater,0.854066172232484,0.827111504838534,5
2012,eel_sturgeon_shad,0.654298457788591,0.878724446231137,24
2012,flatfish,0.453548852251884,0.35097800706388,37
2012,halibut,0.45150538161857,0.523325087596827,12
2012,herring,0.441209331187671,0.391460766210917,39
2012,inland_freshwater_other,0.584187244858397,0.626469470906083,25
2012,large_pelagics_other,0.202536228401891,0.227938441587856,41
2012,lobster,0.693338986515284,0.626497751321588,44
2012,mackerel,0.138251513554986,0.106747915972845,54
2012,mussels,0.356615102819792,0.358590340566692,17
2012,other_groundfish,0.219529352574525,0.205792245050179,41
2012,other_shellfish_specialty,0.295892044053031,0.168254763939631,32
2012,oysters,0.300107437867784,0.330777162908719,12
2012,pangasius_basa_swai,0.985579266698396,0.977165960611059,7
2012,pollock,0.836196840197948,0.788885315305311,22
2012,reef_fish_other,0.297486814666391,0.372750890606102,34
2012,sablefish,0.994853194994418,0.9911496777816,2
2012,salmon,0.258332990412688,0.255083343614182,39
2012,scallops,0.19604322492148,0.25177448191036,16
2012,sea_cucumber_urchin_other_inverts,0.648060430172742,0.446725346862785,23
2012,sharks_rays_skates,0.18985391273742,0.263446612546916,10
2012,shrimp,0.137995470975133,0.144768309910429,55
2012,small_pelagics_other,0.112788037747919,0.121652787194903,43
2012,snapper_grouper,0.19540509221619,0.199575675429152,42
2012,squid_octopus,0.225731116469073,0.212148553118239,41
2012,swordfish,0.129557335787477,0.130356357804008,25
2012,tilapia,0.586445569719531,0.466833168359858,33
2012,toothfish,0.108833115201298,0.112107084143295,24
2012,trout,0.4473521094414,0.497579902044456,24
2012,tuna,0.184474480265708,0.154110774164919,67
2013,catfish_other,0.804720227445592,0.815380064243291,16
2013,clams,0.394714880607038,0.278462904036277,22
2013,cod,0.395765077817227,0.313238025161509,26
2013,crab,0.250738564834455,0.200843920844785,45
2013,crawfish_freshwater,0.842985817516235,0.849735294448408,5
2013,eel_sturgeon_shad,0.52450715610632,0.805202170143784,29
2013,flatfish,0.428295526969912,0.327065249053387,33
2013,halibut,0.454843772205263,0.546579508026524,11
2013,herring,0.408891392201744,0.415067094893919,33
2013,inland_freshwater_other,0.607167165646117,0.690768936824006,21
2013,large_pelagics_other,0.202839721292379,0.232229751563876,37
2013,lobster,0.689383317568658,0.623531082912944,41
2013,mackerel,0.161290545944705,0.109972674283573,50
2013,mussels,0.357996155311771,0.351665138845146,16
2013,other_groundfish,0.204736806551994,0.193460379869626,33
2013,other_shellfish_specialty,0.247376660133664,0.138835881707963,33
2013,oysters,0.277286539356676,0.287217785692098,9
2013,pangasius_basa_swai,0.9911034272784,0.987810650643239,3
2013,pollock,0.80163767584866,0.770712933338914,14
2013,reef_fish_other,0.168586029999844,0.233034551973451,31
2013,sablefish,0.930542475497013,0.961275946515673,2
2013,salmon,0.243797847454203,0.266488913059427,39
2013,scallops,0.195737099169747,0.22690771741771,19
2013,sea_cucumber_urchin_other_inverts,0.507432507169915,0.503094120680262,24
2013,sharks_rays_skates,0.436145576003859,0.235288131475396,13
2013,shrimp,0.128618590646722,0.135640822158573,54
2013,small_pelagics_other,0.120583088718563,0.137633124376442,45
2013,snapper_grouper,0.198886445750503,0.216621588900311,35
2013,squid_octopus,0.265409232350146,0.26093115296833,42
2013,swordfish,0.117049749797303,0.122714662098053,27
2013,tilapia,0.548680766429107,0.463352054904725,37
2013,toothfish,0.110412338273358,0.117881821082266,20
2013,trout,0.404697708092634,0.483657111037166,24
2013,tuna,0.185202986085021,0.148497369508533,66
2014,catfish_other,0.91022261664274,0.933947203905278,11
2014,clams,0.378771981045756,0.262849307065978,20
2014,cod,0.473173818008646,0.386324459900235,24
2014,crab,0.228877246617833,0.172139000770049,43
2014,crawfish_freshwater,0.845727821166051,0.837086893959414,5
2014,eel_sturgeon_shad,0.605434817309301,0.773832300923457,24
2014,flatfish,0.425036830664907,0.302769413371241,30
2014,halibut,0.517404275382009,0.56766645539785,12
2014,herring,0.452860702788312,0.391688902249608,32
2014,inland_freshwater_other,0.60432957875298,0.68626387067289,21
2014,large_pelagics_other,0.176209947751744,0.19637792320739,32
2014,lobster,0.735559174429775,0.679110907999334,47
2014,mackerel,0.165349381301505,0.114846232767469,51
2014,mussels,0.332554180860175,0.352207835796636,17
2014,other_groundfish,0.201994945292937,0.207431655927932,31
2014,other_shellfish_specialty,0.472117819285372,0.251632952594971,32
2014,oysters,0.234027659447866,0.254642500814084,10
2014,pangasius_basa_swai,0.994873190790564,0.992001559317261,4
2014,pollock,0.776181897489761,0.764781933774776,16
2014,reef_fish_other,0.229931290388634,0.249024243377421,30
2014,sablefish,0.982423727269472,0.982133691109596,3
2014,salmon,0.248403996139499,0.284458025534585,36
2014,scallops,0.244521532576774,0.257837564072119,20
2014,sea_cucumber_urchin_other_inverts,0.328818173653656,0.25091090866717,25
2014,sharks_rays_skates,0.337299885268602,0.231598618484714,11
2014,shrimp,0.132126514349921,0.141559442261695,53
2014,small_pelagics_other,0.116477931743046,0.118555545126289,47
2014,snapper_grouper,0.166751967068436,0.186668255001402,37
2014,squid_octopus,0.24615553792165,0.229555237370874,35
2014,swordfish,0.123509453083835,0.12076650038383,28
2014,tilapia,0.567291906085204,0.489634006195871,38
2014,toothfish,0.119239096348043,0.121983701478635,21
2014,trout,0.410362047292449,0.524163273363375,19
2014,tuna,0.184829260569364,0.137797288416763,64
2015,catfish_other,0.92497371988975,0.954009234340239,15
2015,clams,0.426126952001575,0.307394982087979,19
2015,cod,0.462595661740937,0.391795903434161,27
2015,crab,0.229285265451709,0.180488779640372,40
2015,crawfish_freshwater,0.7870377736185,0.840918925854072,5
2015,eel_sturgeon_shad,0.719492356857049,0.7959613621779,31
2015,flatfish,0.40257818065331,0.292291967319465,30
2015,halibut,0.487400093481669,0.538369654702615,12
2015,herring,0.454215318210393,0.390437385516958,33
2015,inland_freshwater_other,0.441135095112193,0.552480946907249,26
2015,large_pelagics_other,0.228456753397913,0.234246476972338,34
2015,lobster,0.744076361131602,0.695861307707934,43
2015,mackerel,0.166632476909389,0.120118265375043,50
2015,mussels,0.324307596008407,0.332399476610183,19
2015,other_groundfish,0.208007493648228,0.197372807546039,26
2015,other_shellfish_specialty,0.442712120100011,0.242587463279231,34
2015,oysters,0.237671947889017,0.26226719153817,10
2015,pangasius_basa_swai,0.996094607902647,0.994677526530696,3
2015,pollock,0.727541048028401,0.69864356954838,17
2015,reef_fish_other,0.25956732086132,0.250675910500952,30
2015,sablefish,0.990744552082552,0.988686785755119,2
2015,salmon,0.248192197467259,0.256234637605138,37
2015,scallops,0.255940002060491,0.254649240801467,17
2015,sea_cucumber_urchin_other_inverts,0.406450915026392,0.202530829144761,29
2015,sharks_rays_skates,0.334604606312323,0.219804052222009,8
2015,shrimp,0.144606230919481,0.14867513268483,52
2015,small_pelagics_other,0.128714557517977,0.138797043918338,48
2015,snapper_grouper,0.166820820430345,0.180436356676003,33
2015,squid_octopus,0.234499162161153,0.211935436004851,36
2015,swordfish,0.158322272843831,0.146698580207697,30
2015,tilapia,0.559655360095413,0.433615101064801,37
2015,toothfish,0.126912107400783,0.11034054345795,21
2015,trout,0.348845861113223,0.427879831942863,22
2015,tuna,0.170587205269688,0.12350441657965,66
2016,catfish_other,0.905311380348974,0.950585988414065,12
2016,clams,0.405160742704722,0.302696760801148,19
2016,cod,0.465235255864371,0.382006205190636,24
2016,crab,0.215366421287421,0.205939794740985,41
2016,crawfish_freshwater,0.760185189679376,0.823838248040549,6
2016,eel_sturgeon_shad,0.706931420810636,0.724793950348623,28
2016,flatfish,0.388199015742242,0.283993715855225,41
2016,halibut,0.503598744591013,0.541121066727122,12
2016,herring,0.549354627180194,0.492640432671425,35
2016,inland_freshwater_other,0.542249048866346,0.593835775475493,24
2016,large_pelagics_other,0.232130941932429,0.237916264909248,44
2016,lobster,0.754980625964438,0.736877239383145,43
2016,mackerel,0.161087058574431,0.116014241495424,52
2016,mussels,0.32415733708474,0.332015196618089,18
2016,other_groundfish,0.208746085925396,0.19879986981478,30
2016,other_shellfish_specialty,0.386190398374562,0.19392540243373,34
2016,oysters,0.239437096236379,0.268701687288485,10
2016,pangasius_basa_swai,0.999696244808044,0.999734751679571,3
2016,pollock,0.743694286490153,0.702384075535353,16
2016,reef_fish_other,0.2806188684637,0.260943258176531,30
2016,sablefish,0.962903146635456,0.943851386529955,2
2016,salmon,0.245395861595978,0.25883277661574,33
2016,scallops,0.288791038877794,0.239055261750363,17
2016,sea_cucumber_urchin_other_inverts,0.37473916789301,0.103174679779207,32
2016,sharks_rays_skates,0.226038080289354,0.176515705592268,12
2016,shrimp,0.152261649342464,0.157433129359622,58
2016,small_pelagics_other,0.109465286635196,0.121780292305056,47
2016,snapper_grouper,0.175241792854952,0.184248563753534,33
2016,squid_octopus,0.272813294359614,0.254614015491864,40
2016,swordfish,0.0941580170841789,0.103789733142789,35
2016,tilapia,0.552345649558466,0.42017371032711,39
2016,toothfish,0.175904040331913,0.12458074129499,17
2016,trout,0.309626115917227,0.31812723289024,25
2016,tuna,0.164115749257364,0.116041287616675,71
2017,catfish_other,0.920454357065788,0.948800465646956,10
2017,clams,0.388287349150972,0.288122565981348,17
2017,cod,0.475319786371394,0.401457291020712,25
2017,crab,0.225284423402793,0.212233944459491,38
2017,crawfish_freshwater,0.717791018765535,0.792811263461916,5
2017,eel_sturgeon_shad,0.787636253566768,0.793406993940314,24
2017,flatfish,0.418464151956784,0.322478418558172,33
2017,halibut,0.532391832843784,0.571337909885407,16
2017,herring,0.489393552257273,0.43501495473277,32
2017,inland_freshwater_other,0.46093096477487,0.556390363505376,21
2017,large_pelagics_other,0.152247813829239,0.182263041310035,42
2017,lobster,0.746199409182641,0.701870815124268,47
2017,mackerel,0.168478656856156,0.114480956294209,53
2017,mussels,0.321345083620918,0.335815838569845,19
2017,other_groundfish,0.206513730903214,0.20425201913538,31
2017,other_shellfish_specialty,0.308944627200061,0.151706389261911,37
2017,oysters,0.246054977403251,0.267489295043205,10
2017,pangasius_basa_swai,1,1,1
2017,pollock,0.694845647200086,0.629718247760835,17
2017,reef_fish_other,0.235403394388375,0.217648879629429,33
2017,sablefish,0.963026900861773,0.927793915202383,3
2017,salmon,0.233115917884654,0.260867966221871,35
2017,scallops,0.269914133623385,0.233041853016799,18
2017,sea_cucumber_urchin_other_inverts,0.354363815700766,0.116029557334447,32
2017,sharks_rays_skates,0.171705763163752,0.15540375291861,14
2017,shrimp,0.174138244381006,0.1813322655189,51
2017,small_pelagics_other,0.115800220408284,0.13342662244864,46
2017,snapper_grouper,0.180844438508642,0.183160786412074,37
2017,squid_octopus,0.265412446652229,0.239921270376606,39
2017,swordfish,0.10666841168787,0.0994708482368746,34
2017,tilapia,0.545284549128725,0.415912551493683,37
2017,toothfish,0.122352590621811,0.122458338162378,16
2017,trout,0.269511096039656,0.321214410760727,24
2017,tuna,0.165150957480432,0.124152656950787,68
2018,catfish_other,0.670359141920076,0.650077238440377,6
2018,clams,0.413766054599796,0.303352256658939,18
2018,cod,0.414306251455143,0.359893494917917,28
2018,crab,0.18842571312886,0.187266609987904,44
2018,crawfish_freshwater,0.516238441500226,0.743909501623344,7
2018,eel_sturgeon_shad,0.785320157013729,0.878543794351751,22
2018,flatfish,0.440545522201151,0.359442837117502,34
2018,halibut,0.509967043759166,0.535578338851186,14
2018,herring,0.41455531711995,0.384823710365705,35
2018,inland_freshwater_other,0.46967849695249,0.556505741331762,25
2018,large_pelagics_other,0.155501500642164,0.202658303698608,39
2018,lobster,0.75675865601376,0.689476326071862,44
2018,mackerel,0.190734758188564,0.124293640337804,52
2018,mussels,0.337460981238863,0.316206940333502,18
2018,other_groundfish,0.194643872644944,0.202833429722442,25
2018,other_shellfish_specialty,0.216119710282725,0.116516442341994,32
2018,oysters,0.261148210626615,0.275249336499435,9
2018,pangasius_basa_swai,0.997227820598762,0.997113737388817,2
2018,pollock,0.638640271459222,0.577686586872679,18
2018,reef_fish_other,0.23934314538794,0.199619100375518,27
2018,sablefish,0.864480422201645,0.949322025163934,2
2018,salmon,0.251238557839068,0.272065562219896,35
2018,scallops,0.265281251328756,0.21072101017539,16
2018,sea_cucumber_urchin_other_inverts,0.381449318219024,0.117208259019184,33
2018,sharks_rays_skates,0.446931147036032,0.264200000944059,9
2018,shrimp,0.194436144249606,0.194967184009192,57
2018,small_pelagics_other,0.126212628514284,0.144968647093614,48
2018,snapper_grouper,0.191854241141502,0.189708856746168,34
2018,squid_octopus,0.265609798619266,0.211260089972088,42
2018,swordfish,0.193059084449414,0.15097160534969,30
2018,tilapia,0.575061426783815,0.433902916445194,34
2018,toothfish,0.112974595212833,0.114483531473712,18
2018,trout,0.254853826438331,0.279491235090577,24
2018,tuna,0.166680051357591,0.12372016435534,67
2019,catfish_other,0.771526831483751,0.72664022989786,5
2019,clams,0.318079896118502,0.260790879917607,20
2019,cod,0.394446453706609,0.33529808931249,28
2019,crab,0.219139693305913,0.223653914825516,43
2019,crawfish_freshwater,0.423636132477092,0.513494576406841,7
2019,eel_sturgeon_shad,0.750651602782511,0.850028048228494,20
2019,flatfish,0.321517795593425,0.237115997773384,33
2019,halibut,0.480154921325938,0.577693117076032,13
2019,herring,0.430736425990044,0.390309994889248,38
2019,inland_freshwater_other,0.422242153255306,0.549268882289269,28
2019,large_pelagics_other,0.187959044600395,0.189597367800655,41
2019,lobster,0.756317025937344,0.678978900768233,49
2019,mackerel,0.141022376625507,0.118438094184966,52
2019,mussels,0.324411538397061,0.322513577176374,19
2019,other_groundfish,0.166544813911231,0.178315828805028,31
2019,other_shellfish_specialty,0.163204332936888,0.0840802214767473,36
2019,oysters,0.238415913171773,0.2690342342712,12
2019,pangasius_basa_swai,0.977400325166542,0.972113478834014,2
2019,pollock,0.574574784318206,0.562642982968137,18
2019,reef_fish_other,0.234655299090474,0.188399899990514,30
2019,sablefish,0.912574702859068,0.975370277917882,2
2019,salmon,0.241038545588568,0.266020764548818,34
2019,scallops,0.169064112706124,0.245400805155702,16
2019,sea_cucumber_urchin_other_inverts,0.466964385540963,0.15146943588118,31
2019,sharks_rays_skates,0.20860621014796,0.20174800275467,9
2019,shrimp,0.245525741566094,0.245383255862641,52
2019,small_pelagics_other,0.10429360158283,0.135333370478008,50
2019,snapper_grouper,0.193988951601493,0.197562489592477,36
2019,squid_octopus,0.18416243285165,0.149418033945983,36
2019,swordfish,0.180287136846283,0.16954608855408,29
2019,tilapia,0.492239815233436,0.340492846783629,34
2019,toothfish,0.0995371026805671,0.107586111287244,18
2019,trout,0.279729332571825,0.283277299999989,23
2019,tuna,0.184165809306653,0.136992418280041,68
2020,catfish_other,0.674034235352362,0.605903980216279,6
2020,clams,0.236876018889517,0.236823482249651,19
2020,cod,0.36250873098056,0.309274088085033,24
2020,crab,0.252495148122294,0.26300866904288,44
2020,crawfish_freshwater,0.420452952320026,0.453108687016666,7
2020,eel_sturgeon_shad,0.526206357962503,0.590360943457852,24
2020,flatfish,0.395896072694515,0.30940287973988,26
2020,halibut,0.521784104126025,0.612089124659536,14
2020,herring,0.370303440194821,0.355844275475504,42
2020,inland_freshwater_other,0.294116754834913,0.459349217582263,29
2020,large_pelagics_other,0.237904353976758,0.248207120840455,36
2020,lobster,0.730054951451954,0.63362329126131,52
2020,mackerel,0.131245669948854,0.111017542149541,58
2020,mussels,0.332677795967685,0.323406146122559,19
2020,other_groundfish,0.17715223986452,0.186175326319427,32
2020,other_shellfish_specialty,0.159662625498589,0.0928786475459309,35
2020,oysters,0.278224648876919,0.279306074633522,9
2020,pangasius_basa_swai,1,1,1
2020,pollock,0.486096018615444,0.448439271889337,18
2020,reef_fish_other,0.266545555165233,0.240038846352259,27
2020,sablefish,0.935902594653351,0.967161863882687,3
2020,salmon,0.264209486385882,0.268607891423541,34
2020,scallops,0.170377533735795,0.229524881015579,16
2020,sea_cucumber_urchin_other_inverts,0.632138409822573,0.265974556620366,30
2020,sharks_rays_skates,0.297899327670677,0.234605033842487,10
2020,shrimp,0.219594781335721,0.215919866906428,56
2020,small_pelagics_other,0.100577595042876,0.152886969327921,51
2020,snapper_grouper,0.206786323945,0.211626350541839,33
2020,squid_octopus,0.154632256551587,0.128095888036274,41
2020,swordfish,0.135837295337123,0.127820276126305,29
2020,tilapia,0.500416270380843,0.343768255643787,33
2020,toothfish,0.127351642247657,0.122771981539401,15
2020,trout,0.281348935316287,0.282154119560008,22
2020,tuna,0.231986416436487,0.177613752679304,68
2021,catfish_other,0.795539057255972,0.783918897009439,5
2021,clams,0.289521994636036,0.228657615910124,21
2021,cod,0.314008546328116,0.277954742708144,22
2021,crab,0.22933670195347,0.257070496894041,45
2021,crawfish_freshwater,0.507692945530481,0.42915399120305,8
2021,eel_sturgeon_shad,0.727783361057031,0.748766600280986,23
2021,flatfish,0.268994970624507,0.194303832785776,28
2021,halibut,0.512130815744782,0.579246855671955,16
2021,herring,0.355582093204033,0.310645268851248,48
2021,inland_freshwater_other,0.428938729972136,0.566793652126831,31
2021,large_pelagics_other,0.210059686582377,0.227969761677651,32
2021,lobster,0.747868225198863,0.69878229509975,53
2021,mackerel,0.139589059714805,0.114005426411726,59
2021,mussels,0.318504112927974,0.313659048199124,20
2021,other_groundfish,0.156072736518546,0.162488410500737,30
2021,other_shellfish_specialty,0.186333272953739,0.0927706100486047,40
2021,oysters,0.219911001435554,0.255012052313123,8
2021,pangasius_basa_swai,1,1,1
2021,pollock,0.454780146087067,0.424122341732173,20
2021,reef_fish_other,0.259615077340517,0.2423212660073,31
2021,sablefish,0.98356974253647,0.994494636227355,2
2021,salmon,0.25783228766995,0.278794291988011,35
2021,scallops,0.159654140467557,0.210871659717531,20
2021,sea_cucumber_urchin_other_inverts,0.530044169014248,0.144971858819414,32
2021,sharks_rays_skates,0.207450393641716,0.198338743293432,9
2021,shrimp,0.237154540303322,0.224437749141471,55
2021,small_pelagics_other,0.102587380863497,0.143161055476365,53
2021,snapper_grouper,0.172532274934573,0.174390853608164,31
2021,squid_octopus,0.121963921418998,0.120858818127627,43
2021,swordfish,0.163567253488805,0.151256032958641,28
2021,tilapia,0.472354361852212,0.32741777626845,43
2021,toothfish,0.115382016029221,0.112703508752426,17
2021,trout,0.282056950237638,0.287289822223008,20
2021,tuna,0.169869514551392,0.127777452564211,61
2022,catfish_other,0.684689560181113,0.676612324510292,3
2022,clams,0.306544556626207,0.239534357585317,24
2022,cod,0.29809387512072,0.28932748377572,26
2022,crab,0.247752880342881,0.232460968724461,50
2022,crawfish_freshwater,0.63355411971208,0.484721317905199,8
2022,eel_sturgeon_shad,0.518082178644489,0.543473730206979,26
2022,flatfish,0.210450615423945,0.181884426361175,31
2022,halibut,0.614000000212732,0.675745531134794,14
2022,herring,0.300336932381845,0.285200176547964,43
2022,inland_freshwater_other,0.395613468162427,0.559176685130292,33
2022,large_pelagics_other,0.216188929203907,0.248539782530859,37
2022,lobster,0.735329378174868,0.65284630207912,55
2022,mackerel,0.130053046099728,0.113012237784888,56
2022,mussels,0.34496587352239,0.311960892088704,22
2022,other_groundfish,0.163825402850973,0.188798088234242,33
2022,other_shellfish_specialty,0.156437683849102,0.0926531674645669,45
2022,oysters,0.243218702901688,0.273262768287149,9
2022,pangasius_basa_swai,0.999963481124554,0.999973712966724,2
2022,pollock,0.430888493744912,0.432158467413887,18
2022,reef_fish_other,0.257102307780178,0.241643927357311,29
2022,sablefish,0.969527346741441,0.988879973924583,3
2022,salmon,0.265954552681099,0.284070476374219,39
2022,scallops,0.208409344621366,0.297583641872598,21
2022,sea_cucumber_urchin_other_inverts,0.646238713198258,0.17694776637225,32
2022,sharks_rays_skates,0.296983686910788,0.279633937267169,10
2022,shrimp,0.23610798013232,0.219283800562532,56
2022,small_pelagics_other,0.111117619253525,0.162661082215723,50
2022,snapper_grouper,0.180032283597746,0.180778480903786,32
2022,squid_octopus,0.106032902537285,0.114217996826194,46
2022,swordfish,0.144541567191163,0.136434950044648,26
2022,tilapia,0.430252468387188,0.329279932676261,40
2022,toothfish,0.119037198227181,0.123022524308308,15
2022,trout,0.278713824581413,0.304736997248733,25
2022,tuna,0.178295903903357,0.136321755193307,63
2023,catfish_other,0.762132634477719,0.71782123788024,3
2023,clams,0.289878380077454,0.239016591139646,23
2023,cod,0.296084519846598,0.27465082560567,23
2023,crab,0.347350993339512,0.270134424213923,54
2023,crawfish_freshwater,0.837536265066099,0.645185460424052,8
2023,eel_sturgeon_shad,0.703200032746103,0.693958438272064,23
2023,flatfish,0.25787913013434,0.203219618518947,30
2023,halibut,0.637582527931232,0.68480159265928,16
2023,herring,0.389250120497027,0.319844548670342,46
2023,inland_freshwater_other,0.355682219095902,0.477818983872834,29
2023,large_pelagics_other,0.180769777449453,0.207478649958619,27
2023,lobster,0.700962796751392,0.661100376131661,46
2023,mackerel,0.148599273978348,0.107197901829699,56
2023,mussels,0.313630397573537,0.352878826713061,21
2023,other_groundfish,0.144129042642865,0.171520794832938,34
2023,other_shellfish_specialty,0.213290465101389,0.0880243198586431,38
2023,oysters,0.257388657867542,0.313590146591776,13
2023,pangasius_basa_swai,0.999990497782583,0.999941424155941,2
2023,pollock,0.444724959950351,0.406205574593663,22
2023,reef_fish_other,0.264961051789492,0.242326341148686,28
2023,sablefish,0.968405703539329,0.987719456285746,2
2023,salmon,0.288479380026802,0.280232791215027,45
2023,scallops,0.218564083302179,0.304074654648029,22
2023,sea_cucumber_urchin_other_inverts,0.603123364334482,0.245707392135938,28
2023,sharks_rays_skates,0.302713672012084,0.268566533976111,9
2023,shrimp,0.252036228800168,0.225788870852723,51
2023,small_pelagics_other,0.101523235943389,0.158210469993095,54
2023,snapper_grouper,0.164607254488795,0.18035522160253,35
2023,squid_octopus,0.0964411737932205,0.106142544054835,41
2023,swordfish,0.14415625954934,0.139691717736059,27
2023,tilapia,0.466303325228386,0.303843022209061,34
2023,toothfish,0.132354111422349,0.13479314653833,15
2023,trout,0.241315090825664,0.267237210875583,22
2023,tuna,0.178586477910937,0.132444516741416,63
