year,species_group,export_volume_kg,export_value_usd
2009,catfish_other,525322,3626673
2009,clams,5648280,53754903
2009,cod,79809512,237212224
2009,crab,18460049,165931810
2009,crawfish_freshwater,68125,224300
2009,eel_sturgeon_shad,2031280,3824320
2009,flatfish,100451150,128163243
2009,halibut,8418706,79352894
2009,herring,56467005,78261054
2009,large_pelagics_other,1226144,5665551
2009,lobster,24995597,335831266
2009,mackerel,44217828,55431263
2009,mussels,677313,2631371
2009,other_groundfish,52766222,104324495
2009,other_shellfish_specialty,1020214,17424241
2009,oysters,2911581,19558055
2009,pollock,168104671,574778920
2009,reef_fish_other,151269,604064
2009,sablefish,9734101,92439538
2009,salmon,184063919,745648846
2009,scallops,11875773,165981209
2009,sea_cucumber_urchin_other_inverts,996678,33329400
2009,sharks_rays_skates,2775556,12984637
2009,shrimp,5866996,53569640
2009,small_pelagics_other,94174008,72603203
2009,squid_octopus,97168070,133150958
2009,swordfish,230551,1592755
2009,tilapia,2811912,9711872
2009,toothfish,92511,518860
2009,trout,438461,2040894
2009,tuna,20237812,65167847
2010,catfish_other,425777,3103426
2010,clams,5801205,56358502
2010,cod,88132105,269154010
2010,crab,20467716,196828085
2010,crawfish_freshwater,3847,18444
2010,eel_sturgeon_shad,1943685,3645309
2010,flatfish,114560145,162056984
2010,halibut,8566761,94294005
2010,herring,46083231,82392897
2010,large_pelagics_other,1393775,6573960
2010,lobster,35532946,435477523
2010,mackerel,36300396,46741778
2010,mussels,484796,1799108
2010,other_groundfish,55873956,117823655
2010,other_shellfish_specialty,661301,7685211
2010,oysters,3498077,22262169
2010,pollock,204799150,667454389
2010,reef_fish_other,137518,582145
2010,sablefish,9147975,78748678
2010,salmon,212499893,897123935
2010,scallops,11164986,161181235
2010,sea_cucumber_urchin_other_inverts,945489,30928324
2010,sharks_rays_skates,3290553,15582331
2010,shrimp,5111386,46225650
2010,small_pelagics_other,120560761,101445893
2010,squid_octopus,137407984,174072221
2010,swordfish,252486,1673248
2010,tilapia,1314009,2979224
2010,toothfish,267772,981927
2010,trout,302571,1470366
2010,tuna,18430695,66323228
2011,catfish_other,331545,2876114
2011,clams,6135068,63844146
2011,cod,110841060,371349890
2011,crab,28931998,269924178
2011,crawfish_freshwater,6713,40747
2011,eel_sturgeon_shad,1379965,2942242
2011,flatfish,83176328,117146354
2011,halibut,8456751,82755654
2011,herring,57596429,99067668
2011,large_pelagics_other,1494956,6893162
2011,lobster,41958332,513685012
2011,mackerel,24423987,33824663
2011,mussels,517363,1989390
2011,other_groundfish,89385551,182646406
2011,other_shellfish_specialty,1202791,13102787
2011,oysters,4728711,27119961
2011,pollock,304776173,926764712
2011,reef_fish_other,451983,1651690
2011,sablefish,13088243,104099568
2011,salmon,228620166,1006085904
2011,scallops,14576618,215693739
2011,sea_cucumber_urchin_other_inverts,837060,30378444
2011,sharks_rays_skates,4378221,18321825
2011,shrimp,7461248,71081466
2011,small_pelagics_other,86434357,86544096
2011,squid_octopus,150118318,211861045
2011,swordfish,269203,1805456
2011,tilapia,1471412,5504649
2011,toothfish,246457,797812
2011,trout,228268,1257600
2011,tuna,18556087,63296481
2012,clams,6379768,74629055
2012,cod,111059591,363573952
2012,crab,36209626,293548743
2012,crawfish_freshwater,76281,252520
2012,eel_sturgeon_shad,1541616,4142505
2012,flatfish,81506387,124695521
2012,halibut,4956488,48763609
2012,herring,38120084,55887341
2012,inland_freshwater_other,525028,1367671
2012,large_pelagics_other,1569609,10572116
2012,lobster,49165901,511842437
2012,mackerel,25608959,47514472
2012,mussels,422276,1767705
2012,other_groundfish,62270499,166436533
2012,other_shellfish_specialty,2585486,22480982
2012,oysters,3658451,26536736
2012,pangasius_basa_swai,735975,4506126
2012,pollock,315646087,940465697
2012,reef_fish_other,786585,3685332
2012,sablefish,10143738,103698232
2012,salmon,174194459,892101215
2012,scallops,13043602,193645134
2012,sea_cucumber_urchin_other_inverts,4242965,71113261
2012,sharks_rays_skates,9784421,37010571
2012,shrimp,11338733,110421678
2012,small_pelagics_other,116182655,106480413
2012,squid_octopus,116241295,179119564
2012,swordfish,167617,1087207
2012,tilapia,1437370,6446014
2012,toothfish,545430,1693849
2012,trout,807239,5909347
2012,tuna,20149225,73740049
2013,clams,8220925,89648331
2013,cod,101763073,308005556
2013,crab,28935354,254973665
2013,crawfish_freshwater,110046,674373
2013,eel_sturgeon_shad,860365,4958557
2013,flatfish,121187333,191972840
2013,halibut,4373031,44838604
2013,herring,48442043,70706335
2013,inland_freshwater_other,390892,787873
2013,large_pelagics_other,1967275,9063016
2013,lobster,50878285,593337370
2013,mackerel,20350085,44357971
2013,mussels,473172,1727731
2013,other_groundfish,88161147,214116111
2013,other_shellfish_specialty,3345385,30605546
2013,oysters,3530129,24213664
2013,pangasius_basa_swai,948010,4688278
2013,pollock,360972486,969253796
2013,reef_fish_other,779893,3669233
2013,sablefish,8670012,95568344
2013,salmon,246750602,1105281335
2013,scallops,9618681,150569864
2013,sea_cucumber_urchin_other_inverts,3243500,74396537
2013,sharks_rays_skates,8464602,34807895
2013,shrimp,11040047,112159033
2013,small_pelagics_other,101155678,117570333
2013,squid_octopus,96858415,149357200
2013,swordfish,195921,1154391
2013,tilapia,2154200,7636028
2013,toothfish,190791,542882
2013,trout,981388,6670271
2013,tuna,20593342,69312474
2014,clams,7930025,83601790
2014,cod,107313113,314153692
2014,crab,27872481,265116245
2014,crawfish_freshwater,167435,645983
2014,eel_sturgeon_shad,646726,2704465
2014,flatfish,126372190,196767085
2014,halibut,3733915,37340206
2014,herring,61306456,78060091
2014,inland_freshwater_other,554882,1227278
2014,large_pelagics_other,1910206,12359646
2014,lobster,57587653,738109679
2014,mackerel,28402778,63163987
2014,mussels,578344,2362895
2014,other_groundfish,95097882,231157371
2014,other_shellfish_specialty,4256202,35648158
2014,oysters,3733887,25432441
2014,pangasius_basa_swai,701647,3996703
2014,pollock,395560074,1082790561
2014,reef_fish_other,897195,3982836
2014,sablefish,6665103,81576848
2014,salmon,211400497,936013392
2014,scallops,9100888,141091948
2014,sea_cucumber_urchin_other_inverts,1680064,46339212
2014,sharks_rays_skates,9369842,36722503
2014,shrimp,14232218,154930418
2014,small_pelagics_other,80457965,108900350
2014,squid_octopus,121522366,172103380
2014,swordfish,156981,888522
2014,tilapia,2343651,8684805
2014,toothfish,577152,1480184
2014,trout,1013234,7044942
2014,tuna,16357660,57799083
2015,clams,8405197,100950058
2015,cod,113231316,334994187
2015,crab,20759314,245295993
2015,crawfish_freshwater,130262,471093
2015,eel_sturgeon_shad,608222,3808500
2015,flatfish,114331908,168725492
2015,halibut,3059619,31190796
2015,herring,42456312,56434792
2015,inland_freshwater_other,557762,1257817
2015,large_pelagics_other,2677399,14330290
2015,lobster,55185922,723543148
2015,mackerel,34741177,89940323
2015,mussels,551961,2300290
2015,other_groundfish,76284503,182338550
2015,other_shellfish_specialty,2801824,28347472
2015,oysters,3796764,26743067
2015,pangasius_basa_swai,1062198,4951373
2015,pollock,378106439,1038943384
2015,reef_fish_other,838335,3567721
2015,sablefish,6663922,82262598
2015,salmon,260128031,1051134697
2015,scallops,7631225,136523977
2015,sea_cucumber_urchin_other_inverts,1125226,31921641
2015,sharks_rays_skates,8944122,34263752
2015,shrimp,19410346,205275329
2015,small_pelagics_other,37734031,62774721
2015,squid_octopus,73709751,113034893
2015,swordfish,148457,963328
2015,tilapia,1850719,6537597
2015,toothfish,846533,6441740
2015,trout,616144,4358188
2015,tuna,16139757,61308201
2016,clams,8846428,113609423
2016,cod,105333477,312025000
2016,crab,21265381,248701900
2016,crawfish_freshwater,77168,336793
2016,eel_sturgeon_shad,1542123,7029938
2016,flatfish,125355446,194092971
2016,halibut,2822802,30053816
2016,herring,25874189,33230612
2016,inland_freshwater_other,804681,2319475
2016,large_pelagics_other,2261075,9877256
2016,lobster,55602365,749997943
2016,mackerel,32315262,86855723
2016,mussels,572654,2148630
2016,other_groundfish,67578710,171274500
2016,other_shellfish_specialty,2601180,25444995
2016,oysters,3555373,23470180
2016,pangasius_basa_swai,1079503,4796611
2016,pollock,379841460,990954478
2016,reef_fish_other,915228,4387281
2016,sablefish,5577050,80818282
2016,salmon,198443775,960324049
2016,scallops,8271486,149514567
2016,sea_cucumber_urchin_other_inverts,1076024,38011544
2016,sharks_rays_skates,10665767,38585999
2016,shrimp,11943281,118343446
2016,small_pelagics_other,48996867,83600941
2016,squid_octopus,58544070,141407215
2016,swordfish,140106,913051
2016,tilapia,1413740,5755398
2016,toothfish,1162650,6109360
2016,trout,993394,6765918
2016,tuna,17984284,59339123
2017,clams,7536277,115974293
2017,cod,92788418,295501591
2017,crab,19891148,216141897
2017,crawfish_freshwater,345465,947803
2017,eel_sturgeon_shad,2564768,11901128
2017,flatfish,115811638,183194141
2017,halibut,2124154,24610170
2017,herring,31223691,33844896
2017,inland_freshwater_other,691131,2034221
2017,large_pelagics_other,1337828,6167925
2017,lobster,47984520,649266631
2017,mackerel,41148900,108326284
2017,mussels,881996,3651515
2017,other_groundfish,120130822,248396542
2017,other_shellfish_specialty,1323031,17357056
2017,oysters,3511185,23765096
2017,pangasius_basa_swai,1487085,6177879
2017,pollock,398207357,1007929518
2017,reef_fish_other,1090437,7362545
2017,sablefish,5732684,86475955
2017,salmon,259695469,1307362944
2017,scallops,7461548,138679072
2017,sea_cucumber_urchin_other_inverts,1088809,36362748
2017,sharks_rays_skates,9156259,30110569
2017,shrimp,8293483,96305523
2017,small_pelagics_other,33304138,50111977
2017,squid_octopus,72456696,189226273
2017,swordfish,86846,536518
2017,tilapia,2855163,9264907
2017,toothfish,1871715,18832168
2017,trout,1742479,10364334
2017,tuna,12132634,57559217
2018,clams,6978307,118538681
2018,cod,73143011,253367917
2018,crab,19757720,229780401
2018,crawfish_freshwater,250984,1600415
2018,eel_sturgeon_shad,3470921,16483417
2018,flatfish,100204394,163653397
2018,halibut,1994832,25195056
2018,herring,25229504,27714759
2018,inland_freshwater_other,971661,2700797
2018,large_pelagics_other,1300117,5639591
2018,lobster,50855912,689159379
2018,mackerel,44904138,113573219
2018,mussels,599000,2717256
2018,other_groundfish,110614273,230980760
2018,other_shellfish_specialty,969606,13415987
2018,oysters,3566704,25292492
2018,pangasius_basa_swai,813009,3889594
2018,pollock,415690420,1129999405
2018,reef_fish_other,666458,5221207
2018,sablefish,6565480,84732799
2018,salmon,178565181,1098384108
2018,scallops,6438693,122700113
2018,sea_cucumber_urchin_other_inverts,931582,32223606
2018,sharks_rays_skates,8402936,29841452
2018,shrimp,9532326,113036029
2018,small_pelagics_other,33774638,49469094
2018,squid_octopus,64219697,148349267
2018,swordfish,167276,907574
2018,tilapia,1802770,5766887
2018,toothfish,218659,1497178
2018,trout,1571019,12389747
2018,tuna,11571965,51603381
2019,clams,6338448,101245988
2019,cod,65095051,217883475
2019,crab,16830112,194482596
2019,crawfish_freshwater,90819,405092
2019,eel_sturgeon_shad,3205895,11642899
2019,flatfish,108526969,183225306
2019,halibut,1990748,27258507
2019,herring,16873331,17763995
2019,inland_freshwater_other,916564,2640553
2019,large_pelagics_other,795442,4302735
2019,lobster,38271499,562025060
2019,mackerel,32069939,82416236
2019,mussels,820829,2978909
2019,other_groundfish,118091731,247748295
2019,other_shellfish_specialty,1122178,16102952
2019,oysters,3623587,23598483
2019,pangasius_basa_swai,865898,3754025
2019,pollock,380235815,1120210703
2019,reef_fish_other,413987,3605943
2019,sablefish,6209178,68010104
2019,salmon,206737634,1086048631
2019,scallops,5853178,113547258
2019,sea_cucumber_urchin_other_inverts,804047,24562546
2019,sharks_rays_skates,9416961,30758183
2019,shrimp,8315985,102922751
2019,small_pelagics_other,56670191,88555607
2019,squid_octopus,48683556,104508766
2019,swordfish,106816,652634
2019,tilapia,1928483,7675449
2019,toothfish,153791,1082801
2019,trout,1852328,14464921
2019,tuna,8853427,42826788
2020,clams,4204169,73217068
2020,cod,44479759,139396492
2020,crab,13648940,167148112
2020,crawfish_freshwater,68133,132692
2020,eel_sturgeon_shad,980050,4696626
2020,flatfish,114292791,176278102
2020,halibut,1781626,20165017
2020,herring,8887946,15405646
2020,inland_freshwater_other,407139,1720869
2020,large_pelagics_other,674961,5528315
2020,lobster,32871406,458286061
2020,mackerel,33025140,86581734
2020,mussels,455940,1824542
2020,other_groundfish,110740319,227453611
2020,other_shellfish_specialty,830237,15284865
2020,oysters,2116868,15105764
2020,pangasius_basa_swai,545775,1781097
2020,pollock,323894863,942517977
2020,reef_fish_other,361658,2944023
2020,sablefish,6690284,68230001
2020,salmon,142096221,868501021
2020,scallops,3265813,65011705
2020,sea_cucumber_urchin_other_inverts,518586,17416758
2020,sharks_rays_skates,7148528,24856237
2020,shrimp,6955990,86795773
2020,small_pelagics_other,31095967,61169999
2020,squid_octopus,48298109,109924208
2020,swordfish,66776,395554
2020,tilapia,1604375,5681598
2020,toothfish,457559,1322811
2020,trout,1560099,11707225
2020,tuna,9758197,41512113
2021,clams,5163598,97083682
2021,cod,32514929,101670293
2021,crab,16271016,222992044
2021,crawfish_freshwater,205031,413061
2021,eel_sturgeon_shad,1151165,5819444
2021,flatfish,81576059,123501437
2021,halibut,2917659,36853492
2021,herring,33398359,47112393
2021,inland_freshwater_other,489817,1877711
2021,large_pelagics_other,141205,1775524
2021,lobster,40720911,745085083
2021,mackerel,35623299,94130945
2021,mussels,613611,2174099
2021,other_groundfish,110716265,249131643
2021,other_shellfish_specialty,1045378,20205370
2021,oysters,2426223,17386968
2021,pangasius_basa_swai,474749,1985303
2021,pollock,311755553,899564667
2021,reef_fish_other,317943,1998438
2021,sablefish,8106287,86359282
2021,salmon,200628857,1212475520
2021,scallops,3230072,74824759
2021,sea_cucumber_urchin_other_inverts,651744,18320041
2021,sharks_rays_skates,7050355,23054510
2021,shrimp,16067281,154908498
2021,small_pelagics_other,22249842,41311810
2021,squid_octopus,58099974,142007007
2021,swordfish,93059,573767
2021,tilapia,1126531,5982840
2021,toothfish,167381,829648
2021,trout,1247778,8377491
2021,tuna,5609600,30852987
2022,clams,4184794,104924171
2022,cod,33231585,104723531
2022,crab,13585494,159694249
2022,crawfish_freshwater,188183,611027
2022,eel_sturgeon_shad,1157490,7313398
2022,flatfish,113571740,187067698
2022,halibut,2953599,29402106
2022,herring,34015870,50777077
2022,inland_freshwater_other,324931,1313636
2022,large_pelagics_other,360106,5149450
2022,lobster,31982243,543639072
2022,mackerel,32677900,86998683
2022,mussels,555802,2772347
2022,other_groundfish,105971240,276457984
2022,other_shellfish_specialty,1013569,13269281
2022,oysters,2836767,18625607
2022,pangasius_basa_swai,497063,2786080
2022,pollock,274374446,886367151
2022,reef_fish_other,406167,2908522
2022,sablefish,12317037,131337914
2022,salmon,204056804,1373738098
2022,scallops,3553913,80430081
2022,sea_cucumber_urchin_other_inverts,881295,22794039
2022,sharks_rays_skates,8252080,29612741
2022,shrimp,10469099,118228740
2022,small_pelagics_other,16864245,49037605
2022,squid_octopus,76374101,198365403
2022,swordfish,86390,607917
2022,tilapia,1509080,7228796
2022,toothfish,199902,1002919
2022,trout,899702,8919013
2022,tuna,8131575,45696432
2023,clams,4391851,116680784
2023,cod,45068291,158729001
2023,crab,19024727,214841081
2023,crawfish_freshwater,94098,176999
2023,eel_sturgeon_shad,582375,3911728
2023,flatfish,108474516,175823175
2023,halibut,2156180,24891110
2023,herring,13937263,21517078
2023,inland_freshwater_other,311906,1465340
2023,large_pelagics_other,319935,6182145
2023,lobster,34475674,630601045
2023,mackerel,37356923,100574440
2023,mussels,814956,2313516
2023,other_groundfish,93727414,235058045
2023,other_shellfish_specialty,1167266,12788724
2023,oysters,2898639,20463508
2023,pangasius_basa_swai,628114,3052828
2023,pollock,326517861,1004954247
2023,reef_fish_other,951213,6284279
2023,sablefish,11195916,101407256
2023,salmon,202495683,964618999
2023,scallops,3178013,66479756
2023,sea_cucumber_urchin_other_inverts,874542,19095116
2023,sharks_rays_skates,8381627,30231124
2023,shrimp,9773952,105952225
2023,small_pelagics_other,23687025,106946339
2023,squid_octopus,52501738,131555059
2023,swordfish,90458,597349
2023,tilapia,1217589,5277486
2023,toothfish,525638,2087376
2023,trout,1117229,10301437
2023,tuna,6440617,34923100
