year,species_group,import_volume_kg,import_value_usd
2009,catfish_other,8825898,34189235
2009,clams,17336500,58350697
2009,cod,46135942,269622342
2009,crab,112812298,1169547256
2009,crawfish_freshwater,7343665,71911930
2009,eel_sturgeon_shad,777185,6599385
2009,flatfish,26417668,128687373
2009,halibut,5524593,58275361
2009,herring,19545637,69267680
2009,inland_freshwater_other,8624813,68651420
2009,large_pelagics_other,17633086,102244042
2009,lobster,45045149,786862160
2009,mackerel,18555478,50493942
2009,mussels,25883015,72806516
2009,other_groundfish,57974642,218477573
2009,other_shellfish_specialty,5295321,34733968
2009,oysters,9302812,47675848
2009,pangasius_basa_swai,49859616,159621049
2009,pollock,84595415,236151691
2009,reef_fish_other,1563646,8735427
2009,sablefish,124123,1450153
2009,salmon,241898507,1681713144
2009,scallops,25519794,233038548
2009,sea_cucumber_urchin_other_inverts,1756585,5044547
2009,sharks_rays_skates,451818,2991646
2009,shrimp,552200263,3778059603
2009,small_pelagics_other,43936745,122618234
2009,snapper_grouper,17722654,89021387
2009,squid_octopus,73165967,228010079
2009,swordfish,7272140,55853147
2009,tilapia,183294841,696085981
2009,toothfish,18919650,146211297
2009,trout,5449551,32345281
2009,tuna,276601165,1150798523
2010,catfish_other,5361144,23017315
2010,clams,18367580,60088258
2010,cod,50911974,281381488
2010,crab,100922908,1184578532
2010,crawfish_freshwater,8611034,85153601
2010,eel_sturgeon_shad,598724,5382758
2010,flatfish,30700803,148276974
2010,halibut,6235864,71302088
2010,herring,23759544,66819968
2010,inland_freshwater_other,9248702,92894676
2010,large_pelagics_other,21327471,126091828
2010,lobster,52477762,1030363931
2010,mackerel,20254846,59756281
2010,mussels,25801745,70693439
2010,other_groundfish,62896613,248549987
2010,other_shellfish_specialty,5723516,35786716
2010,oysters,10797235,55687390
2010,pangasius_basa_swai,56972842,177854788
2010,pollock,74094095,204458722
2010,reef_fish_other,1629787,10391280
2010,sablefish,409982,2013050
2010,salmon,233998332,1821169386
2010,scallops,23525711,238473762
2010,sea_cucumber_urchin_other_inverts,2136776,5268966
2010,sharks_rays_skates,198715,2746598
2010,shrimp,560969104,4296542475
2010,small_pelagics_other,43181804,132335503
2010,snapper_grouper,20338356,112978534
2010,squid_octopus,81595261,282652925
2010,swordfish,7939385,68309995
2010,tilapia,215441683,843087546
2010,toothfish,9301526,141652692
2010,trout,7405523,56034289
2010,tuna,314665992,1303586406
2011,catfish_other,3368839,24126859
2011,clams,20587206,65301523
2011,cod,55155521,352459604
2011,crab,93207660,1360196017
2011,crawfish_freshwater,2345626,23564524
2011,eel_sturgeon_shad,502876,5254397
2011,flatfish,30827245,156228337
2011,halibut,5862992,85813570
2011,herring,18622719,59344657
2011,inland_freshwater_other,10725077,103654622
2011,large_pelagics_other,20787321,171836860
2011,lobster,53179204,1077358486
2011,mackerel,22775194,64696486
2011,mussels,28945124,91196795
2011,other_groundfish,59885562,270466971
2011,other_shellfish_specialty,6294044,40765046
2011,oysters,12146670,73869980
2011,pangasius_basa_swai,89005791,317104523
2011,pollock,75977075,202835474
2011,reef_fish_other,1788343,13192948
2011,sablefish,833155,1941365
2011,salmon,240314704,1989956677
2011,scallops,25765942,300379106
2011,sea_cucumber_urchin_other_inverts,3124632,9054674
2011,sharks_rays_skates,233527,3377177
2011,shrimp,576987253,5166113964
2011,small_pelagics_other,43833143,141274593
2011,snapper_grouper,18333902,110707073
2011,squid_octopus,85826040,378810007
2011,swordfish,9256625,68612411
2011,tilapia,196462331,864132236
2011,toothfish,9877230,188560727
2011,trout,5026534,37926837
2011,tuna,294860741,1370560785
2012,catfish_other,3786819,24465169
2012,clams,21034848,63970475
2012,cod,51382167,344354653
2012,crab,96304526,1348997929
2012,crawfish_freshwater,9263018,95108474
2012,eel_sturgeon_shad,2938397,57665898
2012,flatfish,26498363,147140627
2012,halibut,5880387,86154706
2012,herring,16942873,52809956
2012,inland_freshwater_other,9391774,90077246
2012,large_pelagics_other,25261586,232655422
2012,lobster,56364628,1109075038
2012,mackerel,21837415,74263710
2012,mussels,34283267,108142228
2012,other_groundfish,64156941,292700761
2012,other_shellfish_specialty,7630727,48237216
2012,oysters,8959824,52921094
2012,pangasius_basa_swai,103972119,344469622
2012,pollock,58321546,158010585
2012,reef_fish_other,4243385,33136107
2012,sablefish,691457,1997337
2012,salmon,280796088,2031971086
2012,scallops,15632229,224739993
2012,sea_cucumber_urchin_other_inverts,6276739,31925641
2012,sharks_rays_skates,252903,1357097
2012,shrimp,534799218,4463388515
2012,small_pelagics_other,43699660,162839326
2012,snapper_grouper,20229983,128201898
2012,squid_octopus,91464825,427552014
2012,swordfish,8992566,77007381
2012,tilapia,231030087,986127852
2012,toothfish,7995577,163029409
2012,trout,9385407,72415016
2012,tuna,276178482,1715216385
2013,catfish_other,6872401,26695874
2013,clams,22289468,68455199
2013,cod,61705397,359282825
2013,crab,108030434,1432839505
2013,crawfish_freshwater,8903404,90292337
2013,eel_sturgeon_shad,3073259,49872160
2013,flatfish,29508892,156323720
2013,halibut,6311224,86859781
2013,herring,17804072,53431100
2013,inland_freshwater_other,8768556,82574505
2013,large_pelagics_other,21919705,149919373
2013,lobster,58486806,1127811942
2013,mackerel,19448258,62000108
2013,mussels,32205814,105298626
2013,other_groundfish,54049075,270668206
2013,other_shellfish_specialty,8183747,56783843
2013,oysters,9805060,65181142
2013,pangasius_basa_swai,110912780,337168951
2013,pollock,60455977,162934219
2013,reef_fish_other,6902610,48438667
2013,sablefish,268773,1384607
2013,salmon,297573031,2564865392
2013,scallops,27614312,371882753
2013,sea_cucumber_urchin_other_inverts,6483007,48979715
2013,sharks_rays_skates,542468,1486951
2013,shrimp,505780940,5277534149
2013,small_pelagics_other,39297501,158125687
2013,snapper_grouper,20503323,134317290
2013,squid_octopus,87606372,367391117
2013,swordfish,8093490,71383692
2013,tilapia,232773232,1047549151
2013,toothfish,10083950,168997457
2013,trout,9105710,79103876
2013,tuna,275523895,1638503488
2014,catfish_other,7721744,36819722
2014,clams,23312367,71933353
2014,cod,68347518,406957322
2014,crab,104633200,1604436548
2014,crawfish_freshwater,8125040,83788120
2014,eel_sturgeon_shad,3623266,51516503
2014,flatfish,25758486,135466799
2014,halibut,6300043,100336042
2014,herring,15747584,55356944
2014,inland_freshwater_other,9198495,89505551
2014,large_pelagics_other,26586732,201241094
2014,lobster,61701896,1296378855
2014,mackerel,20747070,63718453
2014,mussels,33900114,128378838
2014,other_groundfish,46480203,274601150
2014,other_shellfish_specialty,7835079,55422782
2014,oysters,10186249,64188263
2014,pangasius_basa_swai,100022874,310624296
2014,pollock,55813586,152317850
2014,reef_fish_other,6837542,54435318
2014,sablefish,696009,3181067
2014,salmon,316115151,2916671373
2014,scallops,27512304,394381940
2014,sea_cucumber_urchin_other_inverts,9214735,44938787
2014,sharks_rays_skates,262603,1264766
2014,shrimp,569597249,6708041529
2014,small_pelagics_other,41771210,168609664
2014,snapper_grouper,19656739,135735985
2014,squid_octopus,91368138,376007252
2014,swordfish,9442226,82001319
2014,tilapia,232853423,1122505136
2014,toothfish,8772023,179385341
2014,trout,9562588,95011936
2014,tuna,282576074,1536291397
2015,catfish_other,5196378,32353232
2015,clams,24383886,72086836
2015,cod,69684143,446494386
2015,crab,107966867,1540221508
2015,crawfish_freshwater,4912312,64271022
2015,eel_sturgeon_shad,7655002,73764180
2015,flatfish,27516006,138159719
2015,halibut,7236364,117717697
2015,herring,16859351,53448736
2015,inland_freshwater_other,9251481,91721336
2015,large_pelagics_other,26239056,209104092
2015,lobster,65732280,1425636209
2015,mackerel,23790757,65835511
2015,mussels,32312405,114329260
2015,other_groundfish,42407463,225065781
2015,other_shellfish_specialty,8653595,57214797
2015,oysters,11805843,72015887
2015,pangasius_basa_swai,108443317,318992777
2015,pollock,55457062,152206606
2015,reef_fish_other,6974060,48562800
2015,sablefish,1406221,4335230
2015,salmon,344612123,2713227453
2015,scallops,22355983,350195310
2015,sea_cucumber_urchin_other_inverts,7100447,42623717
2015,sharks_rays_skates,162162,967320
2015,shrimp,585326329,5434714728
2015,small_pelagics_other,41683116,174584096
2015,snapper_grouper,22856698,159570393
2015,squid_octopus,97776814,392361943
2015,swordfish,10890015,87854532
2015,tilapia,227397833,990285318
2015,toothfish,10782683,223003650
2015,trout,12505038,104791429
2015,tuna,262250898,1447931797
2016,catfish_other,5565733,38422843
2016,clams,25211969,73568713
2016,cod,72305155,481857752
2016,crab,107558680,1588814562
2016,crawfish_freshwater,6983846,74479386
2016,eel_sturgeon_shad,7369372,70380730
2016,flatfish,26935711,135191318
2016,halibut,7719581,127443823
2016,herring,17885922,51404309
2016,inland_freshwater_other,10256381,97515290
2016,large_pelagics_other,21526729,200005679
2016,lobster,61348735,1347764128
2016,mackerel,26733897,67541863
2016,mussels,35877614,119937580
2016,other_groundfish,48568067,224164609
2016,other_shellfish_specialty,8176636,54799338
2016,oysters,11979040,74463990
2016,pangasius_basa_swai,131274980,367257012
2016,pollock,47659501,123639864
2016,reef_fish_other,8059612,53015995
2016,sablefish,1747342,4532914
2016,salmon,353051898,3210504447
2016,scallops,23152481,328484391
2016,sea_cucumber_urchin_other_inverts,6189858,42024520
2016,sharks_rays_skates,300970,1641920
2016,shrimp,604843886,5704642323
2016,small_pelagics_other,50424492,172271365
2016,snapper_grouper,25951766,176884122
2016,squid_octopus,96070291,447304188
2016,swordfish,10367996,87356260
2016,tilapia,199448434,762890847
2016,toothfish,12411319,243512560
2016,trout,14426225,120977955
2016,tuna,254997847,1418270404
2017,catfish_other,6070906,39379020
2017,clams,23793738,73060720
2017,cod,75534920,527104459
2017,crab,107894024,1938451834
2017,crawfish_freshwater,6718419,68523675
2017,eel_sturgeon_shad,7521721,62583333
2017,flatfish,27365871,144204503
2017,halibut,7876930,124615326
2017,herring,15956567,51309916
2017,inland_freshwater_other,9633301,86662987
2017,large_pelagics_other,23018044,245886557
2017,lobster,58890732,1326389395
2017,mackerel,27207086,72409505
2017,mussels,35881839,121845170
2017,other_groundfish,48521968,237719409
2017,other_shellfish_specialty,7997657,64146354
2017,oysters,12086318,77821307
2017,pangasius_basa_swai,104920446,342543936
2017,pollock,46705608,124458174
2017,reef_fish_other,9422473,62920452
2017,sablefish,1755722,4630293
2017,salmon,371601815,3732757465
2017,scallops,18752294,264467192
2017,sea_cucumber_urchin_other_inverts,10192442,60514743
2017,sharks_rays_skates,420380,1961190
2017,shrimp,665176946,6546284004
2017,small_pelagics_other,55710826,184029244
2017,snapper_grouper,26164616,177222190
2017,squid_octopus,102648869,580361181
2017,swordfish,11151859,85787535
2017,tilapia,184227729,681943501
2017,toothfish,11533799,265849637
2017,trout,12931814,135236725
2017,tuna,262402354,1582496417
2018,catfish_other,27916145,141167007
2018,clams,25696645,79772047
2018,cod,75224590,591701188
2018,crab,104389880,2115525759
2018,crawfish_freshwater,7181261,99038835
2018,eel_sturgeon_shad,6910440,84605080
2018,flatfish,30036553,173536746
2018,halibut,8594209,136772197
2018,herring,14595216,51180942
2018,inland_freshwater_other,9771349,87843893
2018,large_pelagics_other,26151651,265781003
2018,lobster,56841088,1403048743
2018,mackerel,27484588,74378689
2018,mussels,30967562,102651018
2018,other_groundfish,52264357,288802028
2018,other_shellfish_specialty,9016448,87020807
2018,oysters,13714595,87713065
2018,pangasius_basa_swai,93068072,404861553
2018,pollock,48747571,137204446
2018,reef_fish_other,10550958,71294618
2018,sablefish,357354,4281781
2018,salmon,402880697,4100264771
2018,scallops,21080128,243506693
2018,sea_cucumber_urchin_other_inverts,8552072,48583973
2018,sharks_rays_skates,91976,563040
2018,shrimp,696920226,6238303847
2018,small_pelagics_other,59956256,195290475
2018,snapper_grouper,27101011,190427713
2018,squid_octopus,105127518,652965788
2018,swordfish,11683145,85525722
2018,tilapia,190527579,697877766
2018,toothfish,7687512,207176522
2018,trout,15927380,164684403
2018,tuna,273001372,1774199584
2019,catfish_other,35690220,140242391
2019,clams,22040955,70417349
2019,cod,69791227,569591703
2019,crab,109384414,2186522759
2019,crawfish_freshwater,7003140,53935109
2019,eel_sturgeon_shad,5704587,72486456
2019,flatfish,23878995,137880958
2019,halibut,9217560,133043635
2019,herring,14304089,49171576
2019,inland_freshwater_other,9056723,85176963
2019,large_pelagics_other,18453226,147538339
2019,lobster,54280301,1484156512
2019,mackerel,27699701,81577253
2019,mussels,35757854,125332105
2019,other_groundfish,42260547,241351495
2019,other_shellfish_specialty,8277729,79914397
2019,oysters,10961781,75339425
2019,pangasius_basa_swai,54117348,211365764
2019,pollock,55972858,165640941
2019,reef_fish_other,12416598,80392104
2019,sablefish,320161,5109471
2019,salmon,426449257,4254115922
2019,scallops,15998662,208877165
2019,sea_cucumber_urchin_other_inverts,8749087,50329762
2019,sharks_rays_skates,168835,810933
2019,shrimp,699945826,6005824721
2019,small_pelagics_other,47938629,182765090
2019,snapper_grouper,26751198,198889265
2019,squid_octopus,89546759,537348900
2019,swordfish,10456415,80031465
2019,tilapia,173919903,600927259
2019,toothfish,8370105,211845627
2019,trout,17492118,169590519
2019,tuna,282753967,1875553090
2020,catfish_other,33895533,105976960
2020,clams,13755522,50531720
2020,cod,68397714,530555695
2020,crab,117241533,2257917537
2020,crawfish_freshwater,3941306,22957517
2020,eel_sturgeon_shad,3556291,33661267
2020,flatfish,23598260,124202828
2020,halibut,9041818,120136738
2020,herring,15810489,57328413
2020,inland_freshwater_other,8117725,68596222
2020,large_pelagics_other,19621856,167065252
2020,lobster,48463732,1233828424
2020,mackerel,31117970,87323775
2020,mussels,31600108,114158728
2020,other_groundfish,44477035,243636910
2020,other_shellfish_specialty,6376717,68290348
2020,oysters,11107554,72243779
2020,pangasius_basa_swai,59138657,160072853
2020,pollock,48449885,146340537
2020,reef_fish_other,9016736,66277205
2020,sablefish,250463,3436159
2020,salmon,444895707,4113773660
2020,scallops,16556349,195408070
2020,sea_cucumber_urchin_other_inverts,10006584,49333803
2020,sharks_rays_skates,158815,618552
2020,shrimp,747376551,6453016300
2020,small_pelagics_other,65332915,234460224
2020,snapper_grouper,27003540,195781346
2020,squid_octopus,65388255,369743742
2020,swordfish,8164243,61323702
2020,tilapia,191282220,617092031
2020,toothfish,6470578,144948544
2020,trout,17944842,163848940
2020,tuna,325293612,1892456523
2021,catfish_other,9478675,35575778
2021,clams,21836685,72317742
2021,cod,71756736,573690866
2021,crab,137234242,3756152027
2021,crawfish_freshwater,5397351,26873352
2021,eel_sturgeon_shad,8069451,79612185
2021,flatfish,22159874,117935233
2021,halibut,10344838,162855704
2021,herring,18804887,60670672
2021,inland_freshwater_other,10390506,98068140
2021,large_pelagics_other,26352986,258013888
2021,lobster,62037760,2158748865
2021,mackerel,30739863,91960399
2021,mussels,41330270,142423133
2021,other_groundfish,43550765,247300555
2021,other_shellfish_specialty,9052833,104449433
2021,oysters,15572358,109590400
2021,pangasius_basa_swai,107166761,315303655
2021,pollock,46003308,136376301
2021,reef_fish_other,13416607,111542798
2021,sablefish,340667,4946924
2021,salmon,486038037,5254132060
2021,scallops,25127632,324451622
2021,sea_cucumber_urchin_other_inverts,9435602,51802358
2021,sharks_rays_skates,154598,781401
2021,shrimp,896695981,8027768529
2021,small_pelagics_other,57180337,212902838
2021,snapper_grouper,31130813,277929126
2021,squid_octopus,106609296,674846630
2021,swordfish,9077462,76014970
2021,tilapia,193465850,674475841
2021,toothfish,9876100,234207403
2021,trout,19871926,192595127
2021,tuna,268962157,1771768066
2022,catfish_other,9125128,42407087
2022,clams,22036176,76115483
2022,cod,82857739,785963580
2022,crab,109121121,3133693979
2022,crawfish_freshwater,5540566,22720381
2022,eel_sturgeon_shad,5870521,50981500
2022,flatfish,26733481,154068963
2022,halibut,9884606,175884813
2022,herring,21367118,72747771
2022,inland_freshwater_other,10761862,109912442
2022,large_pelagics_other,29921490,339042324
2022,lobster,52033024,1557975633
2022,mackerel,32762701,103386285
2022,mussels,38456219,136227879
2022,other_groundfish,50171221,340108689
2022,other_shellfish_specialty,9782674,115000972
2022,oysters,19254418,153116707
2022,pangasius_basa_swai,129355400,548400056
2022,pollock,54902992,189749651
2022,reef_fish_other,14724926,131418202
2022,sablefish,549293,8180473
2022,salmon,499125165,6255242531
2022,scallops,24963600,372617829
2022,sea_cucumber_urchin_other_inverts,2847385,48548952
2022,sharks_rays_skates,227593,1161493
2022,shrimp,841505124,7837287891
2022,small_pelagics_other,60885158,252609044
2022,snapper_grouper,28196083,274852341
2022,squid_octopus,107335476,792567909
2022,swordfish,8790038,81945853
2022,tilapia,182199416,756603800
2022,toothfish,11727095,362220129
2022,trout,21110461,245015258
2022,tuna,325358026,2369353041
2023,catfish_other,8028038,27793421
2023,clams,21833566,67749407
2023,cod,63317143,643508594
2023,crab,112211860,1730532956
2023,crawfish_freshwater,4121744,16580219
2023,eel_sturgeon_shad,6811318,54297456
2023,flatfish,24205243,143098152
2023,halibut,10227606,174515161
2023,herring,16024660,62116385
2023,inland_freshwater_other,11645406,122213612
2023,large_pelagics_other,25393681,241855707
2023,lobster,48535096,1448455442
2023,mackerel,27603718,88412832
2023,mussels,38683241,168904075
2023,other_groundfish,39941422,253067402
2023,other_shellfish_specialty,9290117,76093360
2023,oysters,14758969,120549998
2023,pangasius_basa_swai,82927618,268396295
2023,pollock,42773798,144245886
2023,reef_fish_other,15102907,139202327
2023,sablefish,533544,7731557
2023,salmon,500753796,6264117160
2023,scallops,23091958,368362296
2023,sea_cucumber_urchin_other_inverts,2355262,46961840
2023,sharks_rays_skates,143337,591259
2023,shrimp,788193510,6441062351
2023,small_pelagics_other,56921314,238203379
2023,snapper_grouper,26123343,249959797
2023,squid_octopus,87739533,618646541
2023,swordfish,9585915,80143129
2023,tilapia,169720616,634624042
2023,toothfish,8971290,276780374
2023,trout,19595455,232964821
2023,tuna,284565255,1966960043
