year,species_group,species_label,risk_index,risk_index_secondary,import_dependence,self_reliance,supplier_hhi,exporter_risk,annual_rank,risk_ma3
2009,clams,Clams,0.320143378285949,0.325096217413657,0.324817485285261,0.675182514714739,0.253866535885342,0.435233966045541,14,
2010,clams,Clams,0.34964932802178,0.358353653372503,0.365696238513685,0.634303761486315,0.292765176761068,0.423812203917389,9,
2011,clams,Clams,0.380208575433951,0.392866685774395,0.417031006213925,0.582968993786075,0.320117491614508,0.422439564598838,8,0.350000427247227
2012,clams,Clams,0.402907144865292,0.419552048871029,0.420722899285047,0.579277100714953,0.377288264683182,0.413556010142815,6,0.377588349440341
2013,clams,Clams,0.418963613144191,0.439478026878527,0.457481585931265,0.542518414068735,0.394714880607038,0.409858621817406,6,0.400693111147811
2014,clams,Clams,0.470626579915945,0.446454171045879,0.504890932409247,0.495109067590754,0.378771981045756,0.459368994368878,5,0.430832445975143
2015,clams,Clams,0.492030215758896,0.466656475585383,0.52203958652399,0.47796041347601,0.426126952001575,0.449481970082918,3,0.460540136273011
2016,clams,Clams,0.503848997586856,0.479129928922268,0.601252217131829,0.398747782868171,0.405160742704722,0.448622892879633,2,0.488835264420566
2017,clams,Clams,0.491313099844012,0.46922818176194,0.609429579478126,0.390570420521874,0.388287349150972,0.442799840554126,3,0.495730771063255
2018,clams,Clams,0.511000138369026,0.489369136329271,0.61888154356014,0.381118456439861,0.413766054599796,0.446167172560092,3,0.502054078599965
2019,clams,Clams,0.415320131876238,0.412056442176495,0.525596462359081,0.474403537640919,0.318079896118502,0.429046757331834,6,0.472544456696425
2020,clams,Clams,0.362844771948154,0.361826642321568,0.543542293074579,0.456457706925421,0.236876018889517,0.430896729614979,11,0.429721680731139
2021,clams,Clams,0.3880192461739,0.390379444308975,0.481926912061991,0.518073087938009,0.289521994636036,0.432111090571612,7,0.388728049999431
2022,clams,Clams,0.40067850782635,0.403474283848127,0.524530428922035,0.475469571077965,0.306544556626207,0.420920087852382,7,0.383847508649468
2023,clams,Clams,0.393279433587748,0.396641798530824,0.552912896572256,0.447087103427744,0.289878380077454,0.416939118800032,7,0.393992395862666
2009,lobster,Lobster,0.460900363898994,0.437436456519564,0.665936717129238,0.334063282870762,0.607690565457385,0.345279340263011,3,
2010,lobster,Lobster,0.484488078370533,0.442606650863944,0.716665139602613,0.283334860397387,0.598125636956675,0.352702637645173,4,
2011,lobster,Lobster,0.493608667854708,0.452311263397104,0.743757165078448,0.256242834921552,0.648834231566187,0.34663745124238,3,0.479665703374745
2012,lobster,Lobster,0.492284590044655,0.448101028004314,0.724369909401022,0.275630090598978,0.693338986515284,0.342310192265502,3,0.490127112089965
2013,lobster,Lobster,0.488203027052773,0.444974722369307,0.739856107487083,0.260143892512917,0.689383317568658,0.33954365717835,3,0.491365428317379
2014,lobster,Lobster,0.495185572378959,0.456147201115148,0.83136131760817,0.16863868239183,0.735559174429775,0.330056544867095,3,0.491891063158796
2015,lobster,Lobster,0.504135522608512,0.454693834050107,0.818761946119992,0.181238053880008,0.744076361131602,0.333452906581962,2,0.495841374013415
2016,lobster,Lobster,0.495986487386275,0.434779563637718,0.759057318174291,0.240942681825709,0.754980625964438,0.334093549597513,4,0.498435860791249
2017,lobster,Lobster,0.510021753260673,0.448272311153982,0.783515588442883,0.216484411557117,0.746199409182641,0.33836366634571,2,0.503381254418487
2018,lobster,Lobster,0.515172625019822,0.445972857563953,0.745699360345926,0.254300639654074,0.75675865601376,0.342790743274305,2,0.50706028855559
2019,lobster,Lobster,0.507469611284123,0.432977898509184,0.712379980287523,0.287620019712477,0.756317025937344,0.342875791642436,3,0.510887996521539
2020,lobster,Lobster,0.507613741454468,0.429937000559179,0.669379552045609,0.330620447954391,0.730054951451954,0.350731939184722,2,0.510085325919471
2021,lobster,Lobster,0.508448105862852,0.429176863826482,0.729169058382147,0.270830941617853,0.747868225198863,0.342540147624183,2,0.507843819533814
2022,lobster,Lobster,0.494016253819168,0.416805025784733,0.668371687977484,0.331628312022516,0.735329378174868,0.343990800696379,3,0.503359367045496
2023,lobster,Lobster,0.497446639000656,0.427393706492599,0.674753424036502,0.325246575963498,0.700962796751392,0.349005219454166,3,0.499970332894225
2009,shrimp,Shrimp,0.39062040533436,0.388056769695927,0.80557905005551,0.19442094994449,0.171557810594563,0.519262609675096,5,
2010,shrimp,Shrimp,0.405961089784435,0.405297212923069,0.838649222490403,0.161350777509598,0.179039624051494,0.515090304231761,6,
2011,shrimp,Shrimp,0.367184656863707,0.368485603537176,0.807690673509756,0.192309326490244,0.15992104098624,0.513056274340271,9,0.387922050660834
2012,shrimp,Shrimp,0.320664887640178,0.324594619339427,0.803596255846315,0.196403744153685,0.137995470975133,0.514086833914597,11,0.364603544762773
2013,shrimp,Shrimp,0.296644236069009,0.304372932558162,0.806680383819029,0.193319616180971,0.128618590646722,0.514879231690124,14,0.328164593524298
2014,shrimp,Shrimp,0.321232165392258,0.31412509815892,0.809398335634358,0.190601664365642,0.132126514349921,0.551148034347502,14,0.312847096367148
2015,shrimp,Shrimp,0.355528521645957,0.348469730922976,0.816160571656006,0.183839428343994,0.144606230919481,0.55447851074696,11,0.324468307702408
2016,shrimp,Shrimp,0.372779300510711,0.367531716013016,0.834427517974248,0.165572482025752,0.152261649342464,0.548509643053833,10,0.349846662516309
2017,shrimp,Shrimp,0.41376214688885,0.408100184263168,0.839163518785845,0.160836481214155,0.174138244381006,0.545116728256548,5,0.380689989681839
2018,shrimp,Shrimp,0.445795408142948,0.43954870997402,0.842807389728489,0.157192610271511,0.194436144249606,0.54325981410716,5,0.410778951847503
2019,shrimp,Shrimp,0.512959571706092,0.505885325991125,0.856742111806186,0.143257888193814,0.245525741566094,0.541318698993218,2,0.45750570891263
2020,shrimp,Shrimp,0.478992339804421,0.476640106486298,0.860077811016338,0.139922188983662,0.219594781335721,0.535563164752768,4,0.479249106551154
2021,shrimp,Shrimp,0.504713762778738,0.503220472783235,0.882175575792303,0.117824424207697,0.237154540303322,0.535704478324714,3,0.498888558096417
2022,shrimp,Shrimp,0.501388208645432,0.499423653327812,0.875801304326225,0.124198695673775,0.23610798013232,0.534321846614208,2,0.495031437076197
2023,shrimp,Shrimp,0.520807300863243,0.518767658797125,0.873753182015898,0.126246817984102,0.252036228800168,0.536966798695115,2,0.508969757429138
2009,snapper_grouper,Snapper / grouper,0.362712808872224,0.34563462890983,0.67910343720615,0.32089656279385,0.173793839227397,0.500151588114852,9,
2010,snapper_grouper,Snapper / grouper,0.374186114183119,0.357307995221703,0.752723754960169,0.247276245039831,0.175381900316768,0.493544099235331,8,
2011,snapper_grouper,Snapper / grouper,0.387086822184804,0.370474494353126,0.687786091772621,0.312213908227379,0.193821942245028,0.49073716516646,7,0.374661915080049
2012,snapper_grouper,Snapper / grouper,0.386403986285732,0.369652234077953,0.696319026401885,0.303680973598115,0.19540509221619,0.483518361300569,7,0.382558974217885
2013,snapper_grouper,Snapper / grouper,0.391845918610593,0.373259272583773,0.705232398578813,0.294767601421187,0.198886445750503,0.4825487825685,7,0.38844557569371
2014,snapper_grouper,Snapper / grouper,0.359503301705791,0.326492318418551,0.674341539422766,0.325658460577234,0.166751967068436,0.517502568827152,10,0.379251068867372
2015,snapper_grouper,Snapper / grouper,0.365677151109871,0.32972988499947,0.713197863905501,0.286802136094499,0.166820820430345,0.516054846937676,10,0.372342123808752
2016,snapper_grouper,Snapper / grouper,0.38387243903922,0.343558980887339,0.739417995382468,0.260582004617532,0.175241792854952,0.516035386072506,7,0.369684297284961
2017,snapper_grouper,Snapper / grouper,0.395175263645426,0.353085181932547,0.750109705851243,0.249890294148757,0.180844438508642,0.517482744058822,7,0.381574951264839
2018,snapper_grouper,Snapper / grouper,0.420622140130178,0.372173617921784,0.778855951908735,0.221144048091265,0.191854241141502,0.52500383864443,6,0.399889947604941
2019,snapper_grouper,Snapper / grouper,0.423026470456633,0.373484000004552,0.767593364969814,0.232406635030186,0.193988951601493,0.527570643719749,5,0.412941291410746
2020,snapper_grouper,Snapper / grouper,0.442937153525075,0.38803836495705,0.784012451267881,0.215987548732119,0.206786323945,0.526597024445365,5,0.428861921370629
2021,snapper_grouper,Snapper / grouper,0.396239829909901,0.347155613962082,0.800565004547211,0.199434995452789,0.172532274934573,0.528516880114857,6,0.420734484630536
2022,snapper_grouper,Snapper / grouper,0.406056804386553,0.355075493358038,0.79078192235366,0.20921807764634,0.180032283597746,0.527059513957857,6,0.415077929273843
2023,snapper_grouper,Snapper / grouper,0.376883299827917,0.331760182108093,0.776221743033341,0.223778256966659,0.164607254488795,0.525248017770805,9,0.393059978041457
2009,squid_octopus,Squid / octopus,0.390476782455769,0.398131181579192,0.847430466323075,0.152569533676925,0.188856996318218,0.46365296967672,6,
2010,squid_octopus,Squid / octopus,0.451414096095593,0.473763290542666,0.831585556054133,0.168414443945867,0.26536550157694,0.438763943039618,5,
2011,squid_octopus,Squid / octopus,0.482711457443515,0.503068772139188,0.999001319931355,0.00099868006864523,0.262462904530924,0.44470513076802,4,0.441534111998292
2012,squid_octopus,Squid / octopus,0.444310883983013,0.459443997523119,0.986070584933248,0.0139294150667518,0.225731116469073,0.446550159047652,4,0.459478812507374
2013,squid_octopus,Squid / octopus,0.44019869706004,0.456661409397375,0.801016292212862,0.198983707787138,0.265409232350146,0.432459343850611,4,0.455740346162189
2014,squid_octopus,Squid / octopus,0.494348079771577,0.470293513180367,0.989815618593136,0.0101843814068643,0.24615553792165,0.479528728873233,4,0.459619220271543
2015,squid_octopus,Squid / octopus,0.47771738580338,0.459356644107195,1,0,0.234499162161153,0.472733778496348,4,0.470754720878332
2016,squid_octopus,Squid / octopus,0.501599181641234,0.480808585890757,0.943731341174348,0.0562686588256521,0.272813294359614,0.465378328621983,3,0.491221549072064
2017,squid_octopus,Squid / octopus,0.476753147264313,0.456732665774733,0.827404343219568,0.172595656780432,0.265412446652229,0.469594804615679,4,0.485356571569642
2018,squid_octopus,Squid / octopus,0.493237044382006,0.472840702882415,0.921774355740833,0.0782256442591672,0.265609798619266,0.468172118122371,4,0.490529791095851
2019,squid_octopus,Squid / octopus,0.391136921547344,0.382683171355154,0.943560843146197,0.0564391568538033,0.18416243285165,0.453969681960787,9,0.453709037731221
2020,squid_octopus,Squid / octopus,0.323710227723642,0.31850615158124,0.819576484613173,0.180423515386827,0.154632256551587,0.448716654285671,15,0.402694731217664
2021,squid_octopus,Squid / octopus,0.25300221528896,0.245712985773997,0.847849596826258,0.152150403173742,0.121963921418998,0.449376190169846,17,0.322616454853315
2022,squid_octopus,Squid / octopus,0.194675241997706,0.188648341313718,0.880226726841401,0.119773273158599,0.106032902537285,0.45428843366131,20,0.257129228336769
2023,squid_octopus,Squid / octopus,0.118234609298798,0.114046837618331,1,0,0.0964411737932205,0.458988581831999,22,0.188637355528488
2009,tilapia,Tilapia,0.67987217703034,0.684724526435077,1,0,0.521420361507742,0.461996093544892,1,
2010,tilapia,Tilapia,0.670610768957436,0.692782625086164,1,0,0.554918532848377,0.440958511332663,1,
2011,tilapia,Tilapia,0.667643400102571,0.689443323320395,1,0,0.551748648871389,0.43987344773099,1,0.672708782030116
2012,tilapia,Tilapia,0.677358836267834,0.703939628149299,1,0,0.586445569719531,0.434920733157977,1,0.671871001775947
2013,tilapia,Tilapia,0.653478688289244,0.681763371521884,1,0,0.548680766429107,0.43041413772858,1,0.666160308219883
2014,tilapia,Tilapia,0.737251850158622,0.688174163465027,1,0,0.567291906085204,0.490954830779551,1,0.689363124905233
2015,tilapia,Tilapia,0.728133478464436,0.683160619042761,1,0,0.559655360095413,0.486367989533335,1,0.706288005637434
2016,tilapia,Tilapia,0.722142173353669,0.677640832464922,1,0,0.552345649558466,0.484446060979673,1,0.729175833992242
2017,tilapia,Tilapia,0.713342834638007,0.67341305099875,1,0,0.545284549128725,0.479956147394962,1,0.721206162152037
2018,tilapia,Tilapia,0.723782737171841,0.683996595344429,1,0,0.575061426783815,0.475748514735711,1,0.719755915054506
2019,tilapia,Tilapia,0.653164310764028,0.641071583575194,1,0,0.492239815233436,0.452768963119515,1,0.696763294191292
2020,tilapia,Tilapia,0.648890005122369,0.643582039987305,1,0,0.500416270380843,0.445632519560348,1,0.675279017686079
2021,tilapia,Tilapia,0.632938665590887,0.626738874215646,1,0,0.472354361852212,0.445092786278241,1,0.644997660492428
2022,tilapia,Tilapia,0.6101920467265,0.60183718156339,1,0,0.430252468387188,0.446530963342382,1,0.630673572479919
2023,tilapia,Tilapia,0.62419369481364,0.618934205811415,1,0,0.466303325228386,0.440688239880429,1,0.622441469043676
2009,trout,Trout,0.443917292406777,0.408384667992646,0.93375721371846,0.0662427862815399,0.276425173680058,0.404442496768379,4,
2010,trout,Trout,0.517364891968205,0.475532718722909,0.937851257292206,0.0621487427077937,0.382490352064856,0.403951302806458,3,
2011,trout,Trout,0.450071205939431,0.41335187814652,0.902259650665424,0.0977403493345761,0.322453035572474,0.385891734269909,5,0.470451130104804
2012,trout,Trout,0.570411751994867,0.527696005270251,0.988612659164861,0.0113873408351386,0.4473521094414,0.408996434258561,2,0.512615949967501
2013,trout,Trout,0.538517108202739,0.498184372609428,1,0,0.404697708092634,0.401558129134174,2,0.519666688712346
2014,trout,Trout,0.522099287072994,0.48971403339623,1,0,0.410362047292449,0.387834692908786,2,0.5436760490902
2015,trout,Trout,0.44051507971232,0.416257170080488,0.984570301345935,0.0154296986540654,0.348845861113223,0.35946620245808,5,0.500377158329351
2016,trout,Trout,0.352680225285209,0.340046669732089,1,0,0.309626115917227,0.32378966578144,12,0.438431530690174
2017,trout,Trout,0.367681531574174,0.348631879329299,1,0,0.269511096039656,0.344543365051731,10,0.386958945523901
2018,trout,Trout,0.378204994302817,0.353904931175156,1,0,0.254853826438331,0.358361575287611,13,0.366188917054067
2019,trout,Trout,0.387127776993295,0.357029447596166,1,0,0.279729332571825,0.352124817878431,10,0.377671434290095
2020,trout,Trout,0.386580400659312,0.352580426637342,1,0,0.281348935316287,0.351080854010735,7,0.383971057318475
2021,trout,Trout,0.370879447203344,0.34112894227801,1,0,0.282056950237638,0.341434759428489,10,0.381529208285317
2022,trout,Trout,0.383727391062339,0.349366687593468,1,0,0.278713824581413,0.350438289058326,9,0.380395746308332
2023,trout,Trout,0.369201855715351,0.339064433574332,1,0,0.241315090825664,0.359748736757921,10,0.374602897993678
2009,tuna,Tuna,0.479996691291644,0.474582171598099,0.993668961088087,0.00633103891191289,0.205578942948713,0.530423285593306,2,
2010,tuna,Tuna,0.531522064425803,0.526250450161387,0.990538083688331,0.00946191631166904,0.249023009636203,0.52523681859385,2,
2011,tuna,Tuna,0.494285215282914,0.489238100835953,0.986453907544331,0.013546092455669,0.222579903416084,0.518577397511722,2,0.50193465700012
2012,tuna,Tuna,0.436091140891005,0.435001953067009,0.975605415716582,0.0243945842834178,0.184474480265708,0.515445581300098,5,0.487299473533241
2013,tuna,Tuna,0.433512648499879,0.436534455905805,0.983167989819921,0.0168320101800791,0.185202986085021,0.507377724048252,5,0.454629668224599
2014,tuna,Tuna,0.433117915268316,0.430575350018686,0.965318253371059,0.0346817466289407,0.184829260569364,0.512083326191153,6,0.434240568219733
2015,tuna,Tuna,0.409964188507243,0.407892178872998,0.963006510529668,0.0369934894703324,0.170587205269688,0.514130683049734,6,0.425531584091813
2016,tuna,Tuna,0.397754475292512,0.395960722954447,0.971918040735096,0.0280819592649044,0.164115749257364,0.511363262679342,6,0.41361219302269
2017,tuna,Tuna,0.395379698697759,0.393825698083967,0.953594169872928,0.0464058301270722,0.165150957480432,0.508110002591816,6,0.401032787499171
2018,tuna,Tuna,0.398456006504314,0.398559689246693,0.958138608495955,0.0418613915040454,0.166680051357591,0.507443718608997,8,0.397196726831528
2019,tuna,Tuna,0.427010199700788,0.428394028197585,0.954162750221611,0.045837249778389,0.184165809306653,0.506448700678263,4,0.40694863496762
2020,tuna,Tuna,0.490474987924195,0.492458983501829,0.964529369811327,0.0354706301886735,0.231986416436487,0.501502812361208,3,0.438647064709766
2021,tuna,Tuna,0.401267539557676,0.401223105650187,0.956904942197315,0.0430950578026845,0.169869514551392,0.502607295558835,5,0.43958424239422
2022,tuna,Tuna,0.415797661883208,0.417008585698547,0.960384574587693,0.039615425412307,0.178295903903357,0.502041307420623,5,0.43584672978836
2023,tuna,Tuna,0.415646330089383,0.417335864892697,0.965898641136268,0.034101358863732,0.178586477910937,0.499680739826812,4,0.410903843843422
