species_group,species_label,mean_risk,mean_import_dependence,mean_hhi,mean_exporter_risk
tilapia,Tilapia,0.676199711163428,1,0.528294600807322,0.45708999593995
lobster,Lobster,0.496998735953145,0.732202284807929,0.709698622820055,0.342291639190859
tuna,Tuna,0.437351784254443,0.969552681254411,0.189408444559666,0.510831510400934
trout,Trout,0.431932016006212,0.983136738812459,0.319318763945676,0.368910870390602
clams,Clams,0.420055544175886,0.498050137821497,0.339451085026778,0.432083668075898
shrimp,Shrimp,0.413935600138023,0.836846860297127,0.184341372842284,0.533517531449592
squid_octopus,Squid / octopus,0.395568398117126,0.909269568640639,0.21036991187413,0.456458589801457
snapper_grouper,Snapper / grouper,0.391481966924869,0.739750816770817,0.182449971221825,0.511838097395662
mussels,Mussels,0.373261971584306,0.966647871261012,0.342094635404335,0.329239788755667
scallops,Scallops,0.356741844552899,0.625975409958848,0.229766840756606,0.415472712207559
halibut,Halibut,0.354130110943616,0.398051043750729,0.508267317065011,0.343215354015886
cod,Cod,0.346918293997842,0.277928744445804,0.41451623658277,0.398249739899181
oysters,Oysters,0.331647947230093,0.528111109971694,0.259466825424198,0.381937631007895
salmon,Salmon,0.327811532874048,0.712379625190611,0.245648287090622,0.356285066795792
crab,Crab,0.324957974828628,0.487114238821193,0.239375699952592,0.399989616815532
flatfish,Flatfish,0.287008197389965,0.154814574968229,0.388616689904606,0.413166051797686
herring,Herring,0.280681180282249,0.32922664221373,0.420039498301249,0.331309650851944
pollock,Pollock,0.269752607422433,0.0552480184917428,0.678505626685471,0.439504138305178
swordfish,Swordfish,0.262659897899953,0.768648429189316,0.135101301954794,0.460976654292612
mackerel,Mackerel,0.219517683813262,0.406346065761841,0.148036937624348,0.402815849210062
sablefish,Sablefish,0.189387636917432,0.0599844726393763,0.96050210925778,0.313963129822504
other_groundfish,Other groundfish,0.189072706625998,0.181738780319311,0.205177887143387,0.365443144221271
