species_group,species_label,mean_risk,mean_secondary_risk,mean_import_dependence,mean_self_reliance,mean_hhi,mean_exporter_risk,mean_secondary_exporter_risk,mean_export_share_adjustment,mean_primary_metric_coverage,mean_secondary_metric_coverage,n_years,n_index_years,mean_exporter_risk_coverage,label_nudge_x,label_nudge_y
tilapia,Tilapia,0.676199711163428,0.666080174732111,1,0,0.528294600807322,0.45708999593995,0.397054850624954,0.000390607797491938,0.92700607501393,0.92700607501393,15,15,0.92700607501393,-0.025,-0.018
lobster,Lobster,0.496998735953145,0.440105758923155,0.732202284807929,0.267797715192071,0.709698622820055,0.342291639190859,0.303850938053084,0.264359670750444,0.996788092969754,0.996788092969754,15,15,0.996788092969754,-0.04,-0.01
tuna,Tuna,0.437351784254443,0.436322755912393,0.969552681254411,0.0304473187455886,0.189408444559666,0.510831510400934,0.441484659958397,0.0448755904455434,0.99365536191232,0.99365536191232,15,15,0.99365536191232,-0.025,0.01
trout,Trout,0.431932016006212,0.400724950942289,0.983136738812459,0.0168632611875409,0.319318763945676,0.368910870390602,0.324468125400503,0.0462367148078884,0.99958188628098,0.99958188628098,15,15,0.99958188628098,-0.03,-0.01
clams,Clams,0.420055544175886,0.416704209142723,0.498050137821497,0.501949862178503,0.339451085026778,0.432083668075898,0.383115493677568,0.0648881339593569,0.998481724285056,0.998481724285056,15,15,0.998481724285056,0,0
shrimp,Shrimp,0.413935600138023,0.41150131965143,0.836846860297127,0.163153139702873,0.184341372842284,0.533517531449592,0.455974429537266,0.0110888918622317,0.999235010636568,0.999235010636568,15,15,0.999235010636568,0.02,0.01
squid_octopus,Squid / octopus,0.395568398117126,0.392046550043963,0.909269568640639,0.0907304313593609,0.21036991187413,0.456458589801457,0.39835853027844,0.398364457393911,0.941346254072009,0.941346254072009,15,15,0.941346254072009,0,0
snapper_grouper,Snapper / grouper,0.391481966924869,0.355792150913059,0.739750816770817,0.260249183229183,0.182449971221825,0.511838097395662,0.399533333329637,0,0.998555498105817,0.998555498105817,15,15,0.998555498105817,-0.025,-0.012
mussels,Mussels,0.373261971584306,0.366887093394177,0.966647871261012,0.0333521287389882,0.342094635404335,0.329239788755667,0.3068811835864,0.0166227291187931,0.999954190668328,0.999954190668328,15,15,0.999954190668328,0,0
scallops,Scallops,0.356741844552899,0.354108358757795,0.625975409958848,0.374024590041152,0.229766840756606,0.415472712207559,0.37047801820639,0.111726374497526,0.994012266052316,0.994012266052316,15,15,0.994012266052316,0,0
halibut,Halibut,0.354130110943616,0.321237919080125,0.398051043750729,0.601948956249272,0.508267317065011,0.343215354015886,0.308475122729565,0.0585198386669264,0.998380562115365,0.998380562115365,15,15,0.998380562115365,0,0
cod,Cod,0.346918293997842,0.348706113003787,0.277928744445804,0.722071255554196,0.41451623658277,0.398249739899181,0.361797892604666,0.0645261626680529,0.996166593513093,0.996166593513093,15,15,0.996166593513093,0,0
oysters,Oysters,0.331647947230093,0.33928466032876,0.528111109971694,0.471888890028307,0.259466825424198,0.381937631007895,0.353892176247592,0.0669282643317473,0.985170695902347,0.985170695902347,15,15,0.985170695902347,-0.02,-0.012
salmon,Salmon,0.327811532874048,0.306958072103403,0.712379625190611,0.287620374809389,0.245648287090622,0.356285066795792,0.318857090563794,0.207575824134694,0.959110980063968,0.959110980063968,15,15,0.959110980063968,0,0
crab,Crab,0.324957974828628,0.306301882114745,0.487114238821193,0.512885761178807,0.239375699952592,0.399989616815532,0.346682872728517,0.0416021536521901,0.992735826047088,0.992735826047088,15,15,0.992735826047088,0,0
flatfish,Flatfish,0.287008197389965,0.28444296631423,0.154814574968229,0.845185425031771,0.388616689904606,0.413166051797686,0.368590239744848,0.0604042174238462,0.992784840419419,0.992784840419419,15,15,0.992784840419419,0,0
herring,Herring,0.280681180282249,0.257664098692644,0.32922664221373,0.67077335778627,0.420039498301249,0.331309650851944,0.301854691208611,0.121904511511839,0.998282416143467,0.998282416143467,15,15,0.998282416143467,-0.02,-0.012
pollock,Pollock,0.269752607422433,0.271255533654753,0.0552480184917428,0.944751981508257,0.678505626685471,0.439504138305178,0.390950476426257,0.0124799550293921,0.99978586718832,0.99978586718832,15,15,0.99978586718832,-0.02,-0.012
swordfish,Swordfish,0.262659897899953,0.254809587160418,0.768648429189316,0.231351570810684,0.135101301954794,0.460976654292612,0.395618845508267,0.00917169588669607,0.995786865334118,0.995786865334118,15,15,0.995786865334118,0,0
mackerel,Mackerel,0.219517683813262,0.221019789823687,0.406346065761841,0.593653934238159,0.148036937624348,0.402815849210062,0.366182971619816,0.140623791011162,0.971456289885087,0.971456289885087,15,15,0.971456289885087,0,0
sablefish,Sablefish,0.189387636917432,0.15594623497124,0.0599844726393763,0.940015527360624,0.96050210925778,0.313963129822504,0.284740350050536,0.0244835720584276,0.998809053405597,0.998809053405597,15,15,0.998809053405597,-0.085,0.025
other_groundfish,Other groundfish,0.189072706625998,0.186171606997044,0.181738780319311,0.818261219680689,0.205177887143387,0.365443144221271,0.332182848418747,0.0421222503863119,0.984126439223896,0.984126439223896,15,15,0.984126439223896,-0.03,-0.012
