species_label,mean_risk,mean_import_dependence,mean_hhi,mean_exporter_risk,component,component_norm,component_label,component_value
Tilapia,0.676199711163428,1,0.528294600807322,0.45708999593995,dep_norm,1,Import dependence,1
Lobster,0.496998735953145,0.732202284807929,0.709698622820055,0.342291639190859,dep_norm,0.716541779817658,Import dependence,0.732202284807929
Tuna,0.437351784254443,0.969552681254411,0.189408444559666,0.510831510400934,dep_norm,0.967772156776024,Import dependence,0.969552681254411
Trout,0.431932016006212,0.983136738812459,0.319318763945676,0.368910870390602,dep_norm,0.982150594528927,Import dependence,0.983136738812459
Clams,0.420055544175886,0.498050137821497,0.339451085026778,0.432083668075898,dep_norm,0.468696682300512,Import dependence,0.498050137821497
Shrimp,0.413935600138023,0.836846860297127,0.184341372842284,0.533517531449592,dep_norm,0.827305850745711,Import dependence,0.836846860297127
Squid / octopus,0.395568398117126,0.909269568640639,0.21036991187413,0.456458589801457,dep_norm,0.903963756482931,Import dependence,0.909269568640639
Snapper / grouper,0.391481966924869,0.739750816770817,0.182449971221825,0.511838097395662,dep_norm,0.724531741321457,Import dependence,0.739750816770817
Mussels,0.373261971584306,0.966647871261012,0.342094635404335,0.329239788755667,dep_norm,0.96469747680683,Import dependence,0.966647871261012
Scallops,0.356741844552899,0.625975409958848,0.229766840756606,0.415472712207559,dep_norm,0.604102878467598,Import dependence,0.625975409958848
Halibut,0.354130110943616,0.398051043750729,0.508267317065011,0.343215354015886,dep_norm,0.362849755246573,Import dependence,0.398051043750729
Cod,0.346918293997842,0.277928744445804,0.41451623658277,0.398249739899181,dep_norm,0.235702840864711,Import dependence,0.277928744445804
Oysters,0.331647947230093,0.528111109971694,0.259466825424198,0.381937631007895,dep_norm,0.500515585820783,Import dependence,0.528111109971694
Salmon,0.327811532874048,0.712379625190611,0.245648287090622,0.356285066795792,dep_norm,0.695559913671507,Import dependence,0.712379625190611
Crab,0.324957974828628,0.487114238821193,0.239375699952592,0.399989616815532,dep_norm,0.457121264397872,Import dependence,0.487114238821193
Flatfish,0.287008197389965,0.154814574968229,0.388616689904606,0.413166051797686,dep_norm,0.105389095154405,Import dependence,0.154814574968229
Herring,0.280681180282249,0.32922664221373,0.420039498301249,0.331309650851944,dep_norm,0.290000581194434,Import dependence,0.32922664221373
Pollock,0.269752607422433,0.0552480184917428,0.678505626685471,0.439504138305178,dep_norm,0,Import dependence,0.0552480184917428
Swordfish,0.262659897899953,0.768648429189316,0.135101301954794,0.460976654292612,dep_norm,0.755119253159606,Import dependence,0.768648429189316
Mackerel,0.219517683813262,0.406346065761841,0.148036937624348,0.402815849210062,dep_norm,0.371629860685325,Import dependence,0.406346065761841
Sablefish,0.189387636917432,0.0599844726393763,0.96050210925778,0.313963129822504,dep_norm,0.00501343658477641,Import dependence,0.0599844726393763
Other groundfish,0.189072706625998,0.181738780319311,0.205177887143387,0.365443144221271,dep_norm,0.133887797330291,Import dependence,0.181738780319311
Tilapia,0.676199711163428,1,0.528294600807322,0.45708999593995,conc_norm,0.47636650627626,Supplier concentration,0.528294600807322
Lobster,0.496998735953145,0.732202284807929,0.709698622820055,0.342291639190859,conc_norm,0.69614339576765,Supplier concentration,0.709698622820055
Tuna,0.437351784254443,0.969552681254411,0.189408444559666,0.510831510400934,conc_norm,0.0657948745922863,Supplier concentration,0.189408444559666
Trout,0.431932016006212,0.983136738812459,0.319318763945676,0.368910870390602,conc_norm,0.223185463790392,Supplier concentration,0.319318763945676
Clams,0.420055544175886,0.498050137821497,0.339451085026778,0.432083668075898,conc_norm,0.247576427432511,Supplier concentration,0.339451085026778
Shrimp,0.413935600138023,0.836846860297127,0.184341372842284,0.533517531449592,conc_norm,0.0596559519348935,Supplier concentration,0.184341372842284
Squid / octopus,0.395568398117126,0.909269568640639,0.21036991187413,0.456458589801457,conc_norm,0.0911903759402386,Supplier concentration,0.21036991187413
Snapper / grouper,0.391481966924869,0.739750816770817,0.182449971221825,0.511838097395662,conc_norm,0.0573644571801946,Supplier concentration,0.182449971221825
Mussels,0.373261971584306,0.966647871261012,0.342094635404335,0.329239788755667,conc_norm,0.250779174939138,Supplier concentration,0.342094635404335
Scallops,0.356741844552899,0.625975409958848,0.229766840756606,0.415472712207559,conc_norm,0.114690387947563,Supplier concentration,0.229766840756606
Halibut,0.354130110943616,0.398051043750729,0.508267317065011,0.343215354015886,conc_norm,0.452102798796071,Supplier concentration,0.508267317065011
Cod,0.346918293997842,0.277928744445804,0.41451623658277,0.398249739899181,conc_norm,0.338520306929393,Supplier concentration,0.41451623658277
Oysters,0.331647947230093,0.528111109971694,0.259466825424198,0.381937631007895,conc_norm,0.150672888091508,Supplier concentration,0.259466825424198
Salmon,0.327811532874048,0.712379625190611,0.245648287090622,0.356285066795792,conc_norm,0.133931278183555,Supplier concentration,0.245648287090622
Crab,0.324957974828628,0.487114238821193,0.239375699952592,0.399989616815532,conc_norm,0.126331834273965,Supplier concentration,0.239375699952592
Flatfish,0.287008197389965,0.154814574968229,0.388616689904606,0.413166051797686,conc_norm,0.307142161367855,Supplier concentration,0.388616689904606
Herring,0.280681180282249,0.32922664221373,0.420039498301249,0.331309650851944,conc_norm,0.345211918652582,Supplier concentration,0.420039498301249
Pollock,0.269752607422433,0.0552480184917428,0.678505626685471,0.439504138305178,conc_norm,0.658352063534152,Supplier concentration,0.678505626685471
Swordfish,0.262659897899953,0.768648429189316,0.135101301954794,0.460976654292612,conc_norm,0,Supplier concentration,0.135101301954794
Mackerel,0.219517683813262,0.406346065761841,0.148036937624348,0.402815849210062,conc_norm,0.0156719445330092,Supplier concentration,0.148036937624348
Sablefish,0.189387636917432,0.0599844726393763,0.96050210925778,0.313963129822504,conc_norm,1,Supplier concentration,0.96050210925778
Other groundfish,0.189072706625998,0.181738780319311,0.205177887143387,0.365443144221271,conc_norm,0.0849000686315891,Supplier concentration,0.205177887143387
Tilapia,0.676199711163428,1,0.528294600807322,0.45708999593995,vuln_norm,0.651897047186265,Exporter risk,0.45708999593995
Lobster,0.496998735953145,0.732202284807929,0.709698622820055,0.342291639190859,vuln_norm,0.129027289630343,Exporter risk,0.342291639190859
Tuna,0.437351784254443,0.969552681254411,0.189408444559666,0.510831510400934,vuln_norm,0.896672437990154,Exporter risk,0.510831510400934
Trout,0.431932016006212,0.983136738812459,0.319318763945676,0.368910870390602,vuln_norm,0.250269364498673,Exporter risk,0.368910870390602
Clams,0.420055544175886,0.498050137821497,0.339451085026778,0.432083668075898,vuln_norm,0.538001230574377,Exporter risk,0.432083668075898
Shrimp,0.413935600138023,0.836846860297127,0.184341372842284,0.533517531449592,vuln_norm,1,Exporter risk,0.533517531449592
Squid / octopus,0.395568398117126,0.909269568640639,0.21036991187413,0.456458589801457,vuln_norm,0.649021194396186,Exporter risk,0.456458589801457
Snapper / grouper,0.391481966924869,0.739750816770817,0.182449971221825,0.511838097395662,vuln_norm,0.901257119450732,Exporter risk,0.511838097395662
Mussels,0.373261971584306,0.966647871261012,0.342094635404335,0.329239788755667,vuln_norm,0.069580289987124,Exporter risk,0.329239788755667
Scallops,0.356741844552899,0.625975409958848,0.229766840756606,0.415472712207559,vuln_norm,0.462343645277803,Exporter risk,0.415472712207559
Halibut,0.354130110943616,0.398051043750729,0.508267317065011,0.343215354015886,vuln_norm,0.13323451489288,Exporter risk,0.343215354015886
Cod,0.346918293997842,0.277928744445804,0.41451623658277,0.398249739899181,vuln_norm,0.3838985210592,Exporter risk,0.398249739899181
Oysters,0.331647947230093,0.528111109971694,0.259466825424198,0.381937631007895,vuln_norm,0.309602088054903,Exporter risk,0.381937631007895
Salmon,0.327811532874048,0.712379625190611,0.245648287090622,0.356285066795792,vuln_norm,0.192762871796902,Exporter risk,0.356285066795792
Crab,0.324957974828628,0.487114238821193,0.239375699952592,0.399989616815532,vuln_norm,0.391823103319711,Exporter risk,0.399989616815532
Flatfish,0.287008197389965,0.154814574968229,0.388616689904606,0.413166051797686,vuln_norm,0.451837545683449,Exporter risk,0.413166051797686
Herring,0.280681180282249,0.32922664221373,0.420039498301249,0.331309650851944,vuln_norm,0.0790078490838125,Exporter risk,0.331309650851944
Pollock,0.269752607422433,0.0552480184917428,0.678505626685471,0.439504138305178,vuln_norm,0.571799096498667,Exporter risk,0.439504138305178
Swordfish,0.262659897899953,0.768648429189316,0.135101301954794,0.460976654292612,vuln_norm,0.669599531508414,Exporter risk,0.460976654292612
Mackerel,0.219517683813262,0.406346065761841,0.148036937624348,0.402815849210062,vuln_norm,0.404695686941744,Exporter risk,0.402815849210062
Sablefish,0.189387636917432,0.0599844726393763,0.96050210925778,0.313963129822504,vuln_norm,0,Exporter risk,0.313963129822504
Other groundfish,0.189072706625998,0.181738780319311,0.205177887143387,0.365443144221271,vuln_norm,0.234474982133153,Exporter risk,0.365443144221271
