species_group,species_label,mean_risk,sd_risk,cv_risk,min_risk,max_risk,range_risk,mean_abs_annual_change,max_abs_annual_change,sd_import_dependence,sd_supplier_concentration_hhi,sd_exporter_risk,sd_import_dependence_norm,sd_supplier_concentration_norm,sd_exporter_risk_norm,dominant_variable_component,n_years
squid_octopus,Squid / octopus,0.396,0.12,0.303,0.118,0.502,0.383,0.046,0.102,0.076,0.064,0.013,0.076,0.07,0.047,import_dependence,15
swordfish,Swordfish,0.263,0.103,0.391,0,0.412,0.412,0.088,0.342,0.056,0.029,0.02,0.056,0.032,0.068,exporter_risk,15
shrimp,Shrimp,0.414,0.076,0.184,0.297,0.521,0.224,0.03,0.067,0.028,0.044,0.015,0.028,0.048,0.051,exporter_risk,15
trout,Trout,0.432,0.073,0.168,0.353,0.57,0.218,0.04,0.12,0.032,0.064,0.027,0.032,0.071,0.095,exporter_risk,15
clams,Clams,0.42,0.06,0.143,0.32,0.511,0.191,0.029,0.096,0.087,0.061,0.015,0.087,0.068,0.051,import_dependence,15
scallops,Scallops,0.357,0.056,0.158,0.257,0.439,0.181,0.041,0.125,0.111,0.044,0.013,0.111,0.049,0.047,import_dependence,15
herring,Herring,0.281,0.054,0.193,0.217,0.388,0.171,0.024,0.056,0.195,0.058,0.01,0.195,0.064,0.034,import_dependence,15
sablefish,Sablefish,0.189,0.049,0.257,0.106,0.276,0.17,0.035,0.092,0.048,0.037,0.009,0.048,0.041,0.033,import_dependence,15
pollock,Pollock,0.27,0.048,0.179,0.201,0.376,0.175,0.018,0.05,0.022,0.165,0.024,0.022,0.182,0.082,supplier_concentration,15
tuna,Tuna,0.437,0.042,0.096,0.395,0.532,0.136,0.028,0.089,0.013,0.026,0.009,0.013,0.029,0.031,exporter_risk,15
tilapia,Tilapia,0.676,0.041,0.06,0.61,0.737,0.127,0.021,0.084,0,0.046,0.021,0,0.051,0.073,exporter_risk,15
halibut,Halibut,0.354,0.04,0.114,0.282,0.401,0.118,0.018,0.056,0.102,0.058,0.008,0.102,0.064,0.028,import_dependence,15
mackerel,Mackerel,0.22,0.035,0.159,0.147,0.268,0.121,0.017,0.06,0.068,0.02,0.013,0.068,0.022,0.047,import_dependence,15
other_groundfish,Other groundfish,0.189,0.034,0.18,0.14,0.258,0.118,0.016,0.041,0.06,0.043,0.014,0.06,0.048,0.051,import_dependence,15
flatfish,Flatfish,0.287,0.034,0.117,0.216,0.338,0.122,0.024,0.076,0.029,0.084,0.016,0.029,0.093,0.055,supplier_concentration,15
mussels,Mussels,0.373,0.032,0.086,0.334,0.429,0.095,0.013,0.028,0.022,0.025,0.017,0.022,0.028,0.059,exporter_risk,15
salmon,Salmon,0.328,0.031,0.095,0.269,0.372,0.103,0.031,0.046,0.092,0.021,0.006,0.092,0.024,0.02,import_dependence,15
cod,Cod,0.347,0.029,0.083,0.301,0.389,0.088,0.016,0.077,0.059,0.069,0.017,0.059,0.076,0.06,supplier_concentration,15
crab,Crab,0.325,0.027,0.082,0.293,0.391,0.098,0.017,0.032,0.058,0.035,0.011,0.058,0.039,0.039,import_dependence,15
snapper_grouper,Snapper / grouper,0.391,0.024,0.061,0.36,0.443,0.083,0.017,0.047,0.044,0.013,0.017,0.044,0.015,0.059,exporter_risk,15
oysters,Oysters,0.332,0.021,0.065,0.295,0.377,0.082,0.025,0.066,0.079,0.025,0.014,0.079,0.028,0.048,import_dependence,15
lobster,Lobster,0.497,0.013,0.027,0.461,0.515,0.054,0.008,0.024,0.052,0.053,0.006,0.052,0.059,0.022,supplier_concentration,15
