year,species_group,species_label,largest_reported_source,largest_source_share,top_three_share,n_reported_sources,hhi,exporter_risk_coverage,import_dependence,us_sdri
2023,tilapia,Tilapia,CHINA,0.667444030488317,0.848413477358579,34,0.466303325228386,0.924067598246285,1,0.62419369481364
2023,shrimp,Shrimp,INDIA,0.375676994599968,0.822468562320438,51,0.252036228800168,0.999547888944176,0.873753182015898,0.520807300863243
2023,lobster,Lobster,CANADA,0.834898956417023,0.909439593979581,46,0.700962796751392,0.997595677981146,0.674753424036502,0.497446639000656
2023,tuna,Tuna,THAILAND,0.364878941387275,0.60393821445278,63,0.178586477910937,0.991412019011246,0.965898641136268,0.415646330089383
2023,mussels,Mussels,CHILE,0.355146974370633,0.96704200664055,21,0.313630397573537,0.999988367055387,0.997811001888983,0.401420630220163
2023,halibut,Halibut,CANADA,0.791829192481603,0.92303545912895,16,0.637582527931232,0.99714429750227,0.532369953122328,0.400728744399721
2023,clams,Clams,CHINA,0.4783645511686,0.808036671609209,23,0.289878380077454,0.999700873416647,0.552912896572256,0.393279433587748
2023,crab,Crab,CANADA,0.570943855667307,0.73366930197931,54,0.347350993339512,0.987074886736571,0.528193410686003,0.39087793766165
2023,snapper_grouper,Snapper / grouper,MEXICO,0.292546287050627,0.601539473718965,35,0.164607254488795,0.998282187697034,0.776221743033341,0.376883299827917
2023,trout,Trout,NORWAY,0.383841865371332,0.742469975818372,22,0.241315090825664,1,1,0.369201855715351
2023,salmon,Salmon,CHILE,0.489274577561066,0.780437684390514,45,0.288479380026802,0.961674814742693,0.729036361264845,0.362659149286788
2023,herring,Herring,CANADA,0.612833720029005,0.734296328284032,46,0.389250120497027,0.999582705654909,0.550219672909749,0.357976092487447
2023,oysters,Oysters,CANADA,0.367939657573642,0.783561643093091,13,0.257388657867542,0.997455987609974,0.675228419664716,0.351787288672497
2023,scallops,Scallops,JAPAN,0.320605771065407,0.737603065101712,22,0.218564083302179,0.990548441149945,0.711051777676668,0.342300244225133
2023,cod,Cod,CHINA,0.483399606327784,0.78372252203483,23,0.296084519846597,0.989864751162257,0.336223342263675,0.316303243598521
2023,swordfish,Swordfish,ECUADOR,0.287267725616178,0.589443887203256,27,0.14415625954934,0.981025285536122,0.825077021367703,0.315119789747131
2023,flatfish,Flatfish,CHINA,0.462958211161111,0.721256258406495,30,0.25787913013434,0.987128945575965,0.206954084935925,0.255954206536262
2023,mackerel,Mackerel,NORWAY,0.305551339134822,0.60018766312567,56,0.148599273978348,0.990203566055848,0.4303023708972,0.211744886228256
2023,pollock,Pollock,CHINA,0.634409785168013,0.885297583347637,22,0.444724959950351,1,0.0370921770472313,0.201373324983901
2023,sablefish,Sablefish,CANADA,0.983945091688783,1,2,0.968405703539329,1,0.0269516044886132,0.165966989085608
2023,other_groundfish,Other groundfish,CHINA,0.242584653095225,0.57135472042032,34,0.144129042642865,0.943376828196052,0.14130898084427,0.140072216540531
2023,squid_octopus,Squid / octopus,CHINA,0.156739220392249,0.437894352594742,41,0.0964411737932205,0.931078411370163,1,0.118234609298798
