rank,year,species_group,species_label,import_volume_kg,export_volume_kg,domestic_landings_kg,domestic_available_kg,import_dependence,self_reliance,supplier_concentration_hhi,exporter_risk,exporter_risk_coverage,us_sdri
1,2014,tilapia,Tilapia,232853423,2343651,98499.85110735,0,1,0,0.567291906085204,0.490954830779551,0.941049026365397,0.737251850158622
2,2015,tilapia,Tilapia,227397833,1850719,67322.63314777,0,1,0,0.559655360095413,0.486367989533335,0.945325670715605,0.728133478464436
3,2018,tilapia,Tilapia,190527579,1802770,49740.48570183,0,1,0,0.575061426783815,0.475748514735711,0.941077816351196,0.723782737171841
4,2016,tilapia,Tilapia,199448434,1413740,75422.43209886,0,1,0,0.552345649558466,0.484446060979673,0.937324000247603,0.722142173353669
5,2017,tilapia,Tilapia,184227729,2855163,62720.48496175,0,1,0,0.545284549128725,0.479956147394962,0.932607332960175,0.713342834638007
6,2009,tilapia,Tilapia,183294841,2811912,57017.92168611,0,1,0,0.521420361507742,0.461996093544892,0.914236271385292,0.67987217703034
7,2012,tilapia,Tilapia,231030087,1437370,92029.3559493,0,1,0,0.586445569719531,0.434920733157977,0.944678179513476,0.677358836267834
8,2010,tilapia,Tilapia,215441683,1314009,115526.34790004,0,1,0,0.554918532848377,0.440958511332663,0.912540522624863,0.670610768957436
9,2011,tilapia,Tilapia,196462331,1471412,39906.60312023,0,1,0,0.551748648871389,0.43987344773099,0.928848594390342,0.667643400102571
10,2013,tilapia,Tilapia,232773232,2154200,98276.68366131,0,1,0,0.548680766429107,0.43041413772858,0.919938032221849,0.653478688289244
11,2019,tilapia,Tilapia,173919903,1928483,46587.11154559,0,1,0,0.492239815233436,0.452768963119515,0.916362068118219,0.653164310764028
12,2020,tilapia,Tilapia,191282220,1604375,56973.01604148,0,1,0,0.500416270380843,0.445632519560348,0.91344650851501,0.648890005122369
13,2021,tilapia,Tilapia,193465850,1126531,42082.93931149,0,1,0,0.472354361852212,0.445092786278241,0.914557726854636,0.632938665590887
14,2023,tilapia,Tilapia,169720616,1217589,95077.4966757,0,1,0,0.466303325228386,0.440688239880429,0.924067598246285,0.62419369481364
15,2022,tilapia,Tilapia,182199416,1509080,172860.87706041,0,1,0,0.430252468387188,0.446530963342382,0.919031776698999,0.6101920467265
16,2012,trout,Trout,9385407,807239,915344.8667363,108105.8667363,0.988612659164861,0.0113873408351386,0.4473521094414,0.408996434258561,1,0.570411751994867
17,2013,trout,Trout,9105710,981388,974597.18443703,0,1,0,0.404697708092634,0.401558129134174,1,0.538517108202739
18,2010,tuna,Tuna,314665992,18430695,21436478.75679,3005783.75679002,0.990538083688331,0.00946191631166904,0.249023009636203,0.52523681859385,0.995515864326387,0.531522064425803
19,2014,trout,Trout,9562588,1013234,931338.08011013,0,1,0,0.410362047292449,0.387834692908786,0.999937360053576,0.522099287072994
20,2023,shrimp,Shrimp,788193510,9773952,123658427.205733,113884475.205733,0.873753182015898,0.126246817984102,0.252036228800168,0.536966798695115,0.999547888944176,0.520807300863243
21,2010,trout,Trout,7405523,302571,793314.00425046,490743.00425046,0.937851257292206,0.0621487427077937,0.382490352064856,0.403951302806458,0.998331110442841,0.517364891968205
22,2018,lobster,Lobster,56841088,50855912,70240030.8630336,19384118.8630336,0.745699360345926,0.254300639654074,0.75675865601376,0.342790743274305,0.998485602527523,0.515172625019822
23,2019,shrimp,Shrimp,699945826,8315985,125355592.953249,117039607.953249,0.856742111806186,0.143257888193814,0.245525741566094,0.541318698993218,0.999581613334744,0.512959571706092
24,2018,clams,Clams,25696645,6978307,22802766.1069008,15824459.1069008,0.61888154356014,0.381118456439861,0.413766054599796,0.446167172560092,0.999441250015323,0.511000138369026
25,2017,lobster,Lobster,58890732,47984520,64255958.1835394,16271438.1835394,0.783515588442883,0.216484411557117,0.746199409182641,0.33836366634571,0.998566990133524,0.510021753260673
26,2021,lobster,Lobster,62037760,40720911,63763228.5030787,23042317.5030787,0.729169058382147,0.270830941617853,0.747868225198863,0.342540147624183,0.996945134705057,0.508448105862852
27,2020,lobster,Lobster,48463732,32871406,56808648.6815478,23937242.6815478,0.669379552045609,0.330620447954391,0.730054951451954,0.350731939184722,0.997710844884996,0.507613741454468
28,2019,lobster,Lobster,54280301,38271499,60186911.666872,21915412.666872,0.712379980287523,0.287620019712477,0.756317025937344,0.342875791642436,0.998408759745087,0.507469611284123
29,2021,shrimp,Shrimp,896695981,16067281,135831067.880851,119763786.880851,0.882175575792303,0.117824424207697,0.237154540303322,0.535704478324714,0.999689077451101,0.504713762778738
30,2015,lobster,Lobster,65732280,55185922,69736171.3865902,14550249.3865902,0.818761946119992,0.181238053880008,0.744076361131602,0.333452906581962,0.996481302641564,0.504135522608512
31,2016,clams,Clams,25211969,8846428,25566893.1459719,16720465.1459719,0.601252217131829,0.398747782868171,0.405160742704722,0.448622892879633,0.999299856349974,0.503848997586856
32,2016,squid_octopus,Squid / octopus,96070291,58544070,64272126.4835681,5728056.48356808,0.943731341174348,0.0562686588256521,0.272813294359614,0.465378328621983,0.928904129165175,0.501599181641234
33,2022,shrimp,Shrimp,841505124,10469099,129804201.936394,119335102.936394,0.875801304326225,0.124198695673775,0.23610798013232,0.534321846614208,0.999667246232953,0.501388208645432
34,2023,lobster,Lobster,48535096,34475674,57870699.835698,23395025.835698,0.674753424036502,0.325246575963498,0.700962796751392,0.349005219454166,0.997595677981146,0.497446639000656
35,2016,lobster,Lobster,61348735,55602365,75075899.3215816,19473534.3215816,0.759057318174291,0.240942681825709,0.754980625964438,0.334093549597513,0.996376942409652,0.495986487386275
36,2014,lobster,Lobster,61701896,57587653,70103662.8529168,12516009.8529168,0.83136131760817,0.16863868239183,0.735559174429775,0.330056544867095,0.996414761711699,0.495185572378959
37,2014,squid_octopus,Squid / octopus,91368138,121522366,122462468.326481,940102.326481372,0.989815618593136,0.0101843814068643,0.24615553792165,0.479528728873233,0.953229199001516,0.494348079771577
38,2011,tuna,Tuna,294860741,18556087,22605146.7975087,4049059.79750866,0.986453907544331,0.013546092455669,0.222579903416084,0.518577397511722,0.997832641273869,0.494285215282914
39,2022,lobster,Lobster,52033024,31982243,57799650.0340459,25817407.0340459,0.668371687977484,0.331628312022516,0.735329378174868,0.343990800696379,0.997593240016187,0.494016253819168
40,2011,lobster,Lobster,53179204,41958332,60279889.9380593,18321557.9380593,0.743757165078448,0.256242834921552,0.648834231566187,0.34663745124238,0.995426294835101,0.493608667854708
41,2018,squid_octopus,Squid / octopus,105127518,64219697,73141259.8246761,8921562.82467613,0.921774355740833,0.0782256442591672,0.265609798619266,0.468172118122371,0.938160035320152,0.493237044382006
42,2012,lobster,Lobster,56364628,49165901,70613213.0992342,21447312.0992342,0.724369909401022,0.275630090598978,0.693338986515284,0.342310192265502,0.996798417617518,0.492284590044655
43,2015,clams,Clams,24383886,8405197,30730194.06069,22324997.06069,0.52203958652399,0.47796041347601,0.426126952001575,0.449481970082918,0.997102266636253,0.492030215758896
44,2017,clams,Clams,23793738,7536277,22785176.2483846,15248899.2483846,0.609429579478126,0.390570420521874,0.388287349150972,0.442799840554126,1,0.491313099844012
45,2020,tuna,Tuna,325293612,9758197,21720890.6982198,11962693.6982198,0.964529369811327,0.0354706301886735,0.231986416436487,0.501502812361208,0.994772049197204,0.490474987924195
46,2013,lobster,Lobster,58486806,50878285,71443074.855105,20564789.855105,0.739856107487083,0.260143892512917,0.689383317568658,0.33954365717835,0.995919267672097,0.488203027052773
47,2010,lobster,Lobster,52477762,35532946,56280124.2128009,20747178.2128009,0.716665139602613,0.283334860397387,0.598125636956675,0.352702637645173,0.994100205721425,0.484488078370533
48,2011,squid_octopus,Squid / octopus,85826040,150118318,150204116.440711,85798.4407114089,0.999001319931355,0.00099868006864523,0.262462904530924,0.44470513076802,0.960514373027114,0.482711457443515
49,2009,tuna,Tuna,276601165,20237812,22000142.1192561,1762330.11925607,0.993668961088087,0.00633103891191289,0.205578942948713,0.530423285593306,0.996709504097714,0.479996691291644
50,2020,shrimp,Shrimp,747376551,6955990,128543318.113262,121587328.113262,0.860077811016338,0.139922188983662,0.219594781335721,0.535563164752768,0.999225171034299,0.478992339804421
